{"name":"Renewal Form_GR","title":"Form Title","description":"Client Onboarding Form.","new_editor":true,"show_title_description":true,"showHeader":false,"showFooter":false,"lang":1,"columns":1,"status":true,"theme":-1,"template":0,"limits":0,"fldIndex":85,"captcha":true,"IpTracking":true,"post_data_url":"","send_mail":false,"elements":[[{"properties":{"image":{"title":"Default image","type":"imageupload","value":"","src":"https://d3255hq6rclyj1.cloudfront.net/5c0537eb790a504b82961aa03874c82f.png","width":1184,"height":589,"hide":true},"_url":{"title":"Image HREF","type":"text","value":""},"_target":{"title":"HREF target","type":"select","value":"_self","options":["_blank","_parent","_self","_top"]},"showImageGallery":{"value":true},"width":{"title":"Width","value":null,"type":"text"},"height":{"title":"Height","value":null,"type":"text"},"rotation":{"title":"Rotation","value":0,"min":0,"step":1,"max":360},"img_tooltip":{"title":"Image Tip","type":"text","value":""},"align":{"title":"Image align","type":"select","value":"auto","options":["auto","left","center","right"]},"valuerule":{"value":true},"condition":{"value":true},"field_id":{"value":true,"id":"fld30"},"use_for_pdf":{"title":"Use for PDF","value":false},"keep_aspect_ratio":{"title":"Keep aspect ratio","value":false},"onclick_action":{"title":"On click action","type":"checkbox","value":false},"isSetOrder":true,"subIndex":1,"styles":{"Container-1642357702361-863-29":{"options":{"top":0,"left":216,"width":40,"taborder":1},"container":{}},"Image-1642357702361-863-29":{"element":{"size":"custom","width":"312.2448979591837px","height":"153px","font-size":"12px","color":"rgba(145,145,145,1)"},"container":{},"options":{"widthUnit":"px","heightUnit":"px","font-size":12},"type":"Image"},"Label-1642357702361-863-29":{"element":{},"label":{"color":"rgba(89,89,89,1)","font-family":"Arial, 'Helvetica Neue', Helvetica, sans-serif","font-size":"12px"},"options":{"font-size":12}}},"styles_mobile":{"Container-1642357702361-863-29":{"options":{"top":-19,"left":12,"width":40,"taborder":1,"zindex":12},"container":{}},"Image-1642357702361-863-29":{"element":{"size":"custom","width":"208.46715328467155px","height":"102px","font-size":"12px"},"container":{},"options":{"widthUnit":"px","heightUnit":"px","font-size":"12"},"type":"Image"},"Label-1642357702361-863-29":{"element":{},"label":{"color":"rgba(89,89,89,1)","font-family":"Arial, 'Helvetica Neue', Helvetica, sans-serif","font-size":"13px"},"options":{"font-size":"13"}}},"page":1,"styles_tablet":{"Container-1642357702361-863-29":{"options":{"top":40,"left":40,"width":40,"taborder":1},"container":{}},"Image-1642357702361-863-29":{"element":{"size":"custom","width":"312.2448979591837px","height":"153px","font-size":"12px","color":"rgba(145,145,145,1)"},"container":{},"options":{"widthUnit":"px","heightUnit":"px","font-size":12},"type":"Image"},"Label-1642357702361-863-29":{"element":{},"label":{"color":"rgba(89,89,89,1)","font-family":"Arial, 'Helvetica Neue', Helvetica, sans-serif","font-size":"12px"},"options":{"font-size":12}}}},"isNew":true,"uid":"1642357702361-863-29","visible":"show","FieldTypeID":23,"FieldTypeName":"Image","FieldTypeDescription":"pic,picture,img,image,background","FieldTypeIsDataContainer":0,"FieldTypeIsForForm":1,"FieldTypeIsForReport":1,"FieldTypeConditionType":null,"FieldTypeIsBasic":0,"FieldTypeOrder":11,"FieldTypeIsLabelAssociated":0,"FieldTypeFormBuilderType":0,"FieldTypeReportBuilderType":0,"row":18,"storedSize":{"styles":{"width":312,"height":153},"styles_mobile":{"width":208,"height":102},"styles_tablet":{"width":312,"height":153}},"className":"Image-1642357702361-863-29","classUID":"1642357702361-863-29","hidePreview":false},{"properties":{"key":{"title":"Name","type":"text","value":"IPAddress"},"use_system_value":{"value":"ip"},"use_value_from":{"title":"Use value from","type":"text","value":"","placeholder":"Please type field id, eg fld12"},"value":{"title":"Value","type":"text","value":""},"field_id":{"value":true,"id":"fld33"},"isSetOrder":true,"subIndex":1,"styles":{"Container-1642403915046-162-32":{"options":{"top":71,"left":4,"width":240,"taborder":26},"container":{}},"Hidden-1642403915046-162-32":{"element":{"size":"custom","width":"113px","height":"24px","padding-left":"10px","font-family":"Arial, 'Helvetica Neue', Helvetica, sans-serif","font-size":"12px","color":"rgba(145,145,145,1)","background-color":"rgba(255,255,255,0.4)"},"container":{},"options":{"element":{"isBorderBottom":true},"widthUnit":"px","heightUnit":"px","font-size":12},"type":"GeneralElement"}},"page":1,"styles_mobile":{"Container-1642403915046-162-32":{"options":{"top":1064,"left":172,"width":240,"taborder":25,"zindex":12},"container":{}},"Hidden-1642403915046-162-32":{"element":{"size":"custom","width":"113px","height":"24px","padding-left":"10px","font-family":"Arial, 'Helvetica Neue', Helvetica, sans-serif","font-size":"16px","color":"rgba(145,145,145,1)","background-color":"rgba(255,255,255,0.4)"},"container":{},"options":{"element":{"isBorderBottom":true},"widthUnit":"px","heightUnit":"px"},"type":"GeneralElement"}},"styles_tablet":{"Container-1642403915046-162-32":{"options":{"top":303,"left":40,"width":240,"taborder":26,"zindex":12},"container":{}},"Hidden-1642403915046-162-32":{"element":{"size":"custom","width":"113px","height":"24px","padding-left":"10px","font-family":"Arial, 'Helvetica Neue', Helvetica, sans-serif","font-size":"12px","color":"rgba(145,145,145,1)","background-color":"rgba(255,255,255,0.4)"},"container":{},"options":{"element":{"isBorderBottom":true},"widthUnit":"px","heightUnit":"px","font-size":12},"type":"GeneralElement"}}},"isNew":true,"uid":"1642403915046-162-32","visible":"show","FieldTypeID":35,"FieldTypeName":"Hidden","FieldTypeDescription":"variable,hide,system","FieldTypeIsDataContainer":1,"FieldTypeIsForForm":1,"FieldTypeIsForReport":0,"FieldTypeConditionType":1,"FieldTypeIsBasic":0,"FieldTypeOrder":8,"FieldTypeIsLabelAssociated":0,"FieldTypeFormBuilderType":1,"FieldTypeReportBuilderType":null,"row":18,"storedSize":{"styles":{"width":113,"height":24},"styles_mobile":{"width":113,"height":24},"styles_tablet":{"width":113,"height":24}},"className":"Hidden-1642403915046-162-32","classUID":"1642403915046-162-32","hidePreview":false},{"properties":{"key":{"title":"Name","type":"text","value":"Contact_id"},"use_system_value":{"value":""},"use_value_from":{"title":"Use value from","type":"text","value":"","placeholder":"Please type field id, eg fld12"},"value":{"title":"Value","type":"text","value":""},"field_id":{"value":true,"id":"fld34"},"isSetOrder":true,"subIndex":1,"styles":{"Container-1642403994320-772-33":{"options":{"top":35,"left":2,"width":240,"taborder":27},"container":{}},"Hidden-1642403994320-772-33":{"element":{"size":"custom","width":"109px","height":"23px","padding-left":"10px","font-family":"Arial, 'Helvetica Neue', Helvetica, sans-serif","font-size":"12px","color":"rgba(145,145,145,1)","background-color":"rgba(255,255,255,0.4)"},"container":{},"options":{"element":{"isBorderBottom":true},"widthUnit":"px","heightUnit":"px","font-size":12},"type":"GeneralElement"}},"page":1,"styles_mobile":{"Container-1642403994320-772-33":{"options":{"top":1116,"left":105,"width":240,"taborder":27,"zindex":12},"container":{}},"Hidden-1642403994320-772-33":{"element":{"size":"custom","width":"109px","height":"23px","padding-left":"10px","font-family":"Arial, 'Helvetica Neue', Helvetica, sans-serif","font-size":"16px","color":"rgba(145,145,145,1)","background-color":"rgba(255,255,255,0.4)"},"container":{},"options":{"element":{"isBorderBottom":true},"widthUnit":"px","heightUnit":"px"},"type":"GeneralElement"}},"styles_tablet":{"Container-1642403994320-772-33":{"options":{"top":303,"left":40,"width":240,"taborder":27,"zindex":12},"container":{}},"Hidden-1642403994320-772-33":{"element":{"size":"custom","width":"109px","height":"23px","padding-left":"10px","font-family":"Arial, 'Helvetica Neue', Helvetica, sans-serif","font-size":"12px","color":"rgba(145,145,145,1)","background-color":"rgba(255,255,255,0.4)"},"container":{},"options":{"element":{"isBorderBottom":true},"widthUnit":"px","heightUnit":"px","font-size":12},"type":"GeneralElement"}}},"isNew":true,"uid":"1642403994320-772-33","visible":"show","FieldTypeID":35,"FieldTypeName":"Hidden","FieldTypeDescription":"variable,hide,system","FieldTypeIsDataContainer":1,"FieldTypeIsForForm":1,"FieldTypeIsForReport":0,"FieldTypeConditionType":1,"FieldTypeIsBasic":0,"FieldTypeOrder":8,"FieldTypeIsLabelAssociated":0,"FieldTypeFormBuilderType":1,"FieldTypeReportBuilderType":null,"row":19,"storedSize":{"styles":{"width":109,"height":23},"styles_mobile":{"width":109,"height":23},"styles_tablet":{"width":109,"height":23}},"className":"Hidden-1642403994320-772-33","classUID":"1642403994320-772-33","hidePreview":false},{"properties":{"key":{"title":"Name","type":"text","value":"App_id"},"use_system_value":{"value":""},"use_value_from":{"title":"Use value from","type":"text","value":"","placeholder":"Please type field id, eg fld12"},"value":{"title":"Value","type":"text","value":""},"field_id":{"value":true,"id":"fld36"},"isSetOrder":true,"subIndex":1,"styles":{"Container-1642405735829-268-35":{"options":{"top":0,"left":0,"taborder":30},"container":{}},"Hidden-1642405735829-268-35":{"element":{"size":"custom","width":"105px","height":"24px","padding-left":"10px","font-family":"Arial, 'Helvetica Neue', Helvetica, sans-serif","font-size":"12px","color":"rgba(145,145,145,1)","background-color":"rgba(255,255,255,0.4)"},"container":{},"options":{"element":{"isBorderBottom":true},"widthUnit":"px","heightUnit":"px","font-size":12},"type":"GeneralElement"}},"page":1,"styles_mobile":{"Container-1642405735829-268-35":{"options":{"top":1073,"left":-11,"taborder":24},"container":{}},"Hidden-1642405735829-268-35":{"element":{"size":"custom","width":"105px","height":"24px","padding-left":"10px","font-family":"Arial, 'Helvetica Neue', Helvetica, sans-serif","font-size":"12px","color":"rgba(145,145,145,1)","background-color":"rgba(255,255,255,0.4)"},"container":{},"options":{"element":{"isBorderBottom":true},"widthUnit":"px","heightUnit":"px","font-size":12},"type":"GeneralElement"}},"styles_tablet":{"Container-1642405735829-268-35":{"options":{"top":303,"left":40,"taborder":30,"zindex":12},"container":{}},"Hidden-1642405735829-268-35":{"element":{"size":"custom","width":"105px","height":"24px","padding-left":"10px","font-family":"Arial, 'Helvetica Neue', Helvetica, sans-serif","font-size":"12px","color":"rgba(145,145,145,1)","background-color":"rgba(255,255,255,0.4)"},"container":{},"options":{"element":{"isBorderBottom":true},"widthUnit":"px","heightUnit":"px","font-size":12},"type":"GeneralElement"}}},"isNew":true,"uid":"1642405735829-268-35","visible":"show","FieldTypeID":35,"FieldTypeName":"Hidden","FieldTypeDescription":"variable,hide,system","FieldTypeIsDataContainer":1,"FieldTypeIsForForm":1,"FieldTypeIsForReport":0,"FieldTypeConditionType":1,"FieldTypeIsBasic":0,"FieldTypeOrder":8,"FieldTypeIsLabelAssociated":0,"FieldTypeFormBuilderType":1,"FieldTypeReportBuilderType":null,"row":21,"className":"Hidden-1642405735829-268-35","classUID":"1642405735829-268-35","storedSize":{"styles":{"width":105,"height":24},"styles_mobile":{"width":105,"height":24},"styles_tablet":{"width":105,"height":24}},"hidePreview":false,"rules":[]},{"properties":{"key":{"title":"Name","type":"text","value":"Entity_id"},"use_system_value":{"value":""},"use_value_from":{"title":"Use value from","type":"text","value":"","placeholder":"Please type field id, eg fld12"},"value":{"title":"Value","type":"text","value":""},"field_id":{"value":true,"id":"fld37"},"isSetOrder":true,"subIndex":1,"styles":{"Container-1642405737133-669-36":{"options":{"top":0,"left":128,"taborder":31},"container":{}},"Hidden-1642405737133-669-36":{"element":{"size":"custom","width":"105px","height":"23px","padding-left":"10px","font-family":"Arial, 'Helvetica Neue', Helvetica, sans-serif","font-size":"12px","color":"rgba(145,145,145,1)","background-color":"rgba(255,255,255,0.4)"},"container":{},"options":{"element":{"isBorderBottom":true},"widthUnit":"px","heightUnit":"px","font-size":12},"type":"GeneralElement"}},"page":1,"styles_mobile":{"Container-1642405737133-669-36":{"options":{"top":1113,"left":-11,"taborder":26},"container":{}},"Hidden-1642405737133-669-36":{"element":{"size":"custom","width":"105px","height":"24px","padding-left":"10px","font-family":"Arial, 'Helvetica Neue', Helvetica, sans-serif","font-size":"12px","color":"rgba(145,145,145,1)","background-color":"rgba(255,255,255,0.4)"},"container":{},"options":{"element":{"isBorderBottom":true},"widthUnit":"px","heightUnit":"px","font-size":12},"type":"GeneralElement"}},"styles_tablet":{"Container-1642405737133-669-36":{"options":{"top":303,"left":40,"taborder":31,"zindex":12},"container":{}},"Hidden-1642405737133-669-36":{"element":{"size":"custom","width":"105px","height":"23px","padding-left":"10px","font-family":"Arial, 'Helvetica Neue', Helvetica, sans-serif","font-size":"12px","color":"rgba(145,145,145,1)","background-color":"rgba(255,255,255,0.4)"},"container":{},"options":{"element":{"isBorderBottom":true},"widthUnit":"px","heightUnit":"px","font-size":12},"type":"GeneralElement"}}},"isNew":true,"uid":"1642405737133-669-36","visible":"show","FieldTypeID":35,"FieldTypeName":"Hidden","FieldTypeDescription":"variable,hide,system","FieldTypeIsDataContainer":1,"FieldTypeIsForForm":1,"FieldTypeIsForReport":0,"FieldTypeConditionType":1,"FieldTypeIsBasic":0,"FieldTypeOrder":8,"FieldTypeIsLabelAssociated":0,"FieldTypeFormBuilderType":1,"FieldTypeReportBuilderType":null,"row":22,"className":"Hidden-1642405737133-669-36","classUID":"1642405737133-669-36","storedSize":{"styles":{"width":105,"height":23},"styles_mobile":{"width":105,"height":24},"styles_tablet":{"width":105,"height":23}},"hidePreview":false},{"properties":{"publick_key":{"title":"Site key","type":"text","value":"6LdU-S8eAAAAAGogSVn-V0TkqcnrUx2EeUey8YSX"},"label":{"value":"Captcha","isHidden":{"top":false,"left":true,"right":true,"bottom":true}},"default":{"value":""},"private_key":{"title":"Secret key","type":"text","value":"6LdU-S8eAAAAAIEvWdlEO8vBhGstlyj44Ws8uE3F"},"field_id":{"value":true,"id":"fld50"},"isSetOrder":true,"subIndex":1,"styles":{"Container-1642928206277-396-49":{"options":{"top":890,"left":490,"width":240,"taborder":24},"container":{}},"Captcha-1642928206277-396-49":{"element":{"border-style":"none","border-width":"px","border-color":"rgba(97,97,97,1)","size":"custom","width":"87px","height":"33px","background-color":"rgba(255,255,255,0.4)","padding-left":"10px","font-family":"Arial, 'Helvetica Neue', Helvetica, sans-serif","font-size":"12px","color":"rgba(145,145,145,1)","label":{}},"container":{},"options":{"element":{"isBorderBottom":true},"font-size":12},"type":"GeneralElement","label":{}}},"page":1,"styles_mobile":{"Container-1642928206277-396-49":{"options":{"top":1634,"left":29,"width":240,"taborder":18},"container":{}},"Captcha-1642928206277-396-49":{"element":{"border-style":"none","border-width":"px","border-color":"rgba(97,97,97,1)","size":"custom","width":"87px","height":"33px","background-color":"rgba(255,255,255,0.4)","padding-left":"10px","font-family":"Arial, 'Helvetica Neue', Helvetica, sans-serif","font-size":"12px","color":"rgba(145,145,145,1)","label":{}},"container":{},"options":{"element":{"isBorderBottom":true},"font-size":12},"type":"GeneralElement","label":{}}},"styles_tablet":{"Container-1642928206277-396-49":{"options":{"top":1108,"left":254,"width":240,"taborder":24,"zindex":12},"container":{}},"Captcha-1642928206277-396-49":{"element":{"border-style":"none","border-width":"px","border-color":"rgba(97,97,97,1)","size":"custom","width":"87px","height":"33px","background-color":"rgba(255,255,255,0.4)","padding-left":"10px","font-family":"Arial, 'Helvetica Neue', Helvetica, sans-serif","font-size":"12px","color":"rgba(145,145,145,1)","label":{}},"container":{},"options":{"element":{"isBorderBottom":true},"font-size":12},"type":"GeneralElement","label":{}},"Label-1642928206277-396-49":{"label":{"height":"auto"}}}},"isNew":true,"uid":"1642928206277-396-49","visible":"show","FieldTypeID":74,"FieldTypeName":"Captcha","FieldTypeDescription":"captcha,spam,abuse,anti,security,cap","FieldTypeIsDataContainer":1,"FieldTypeIsForForm":1,"FieldTypeIsForReport":0,"FieldTypeConditionType":1,"FieldTypeIsBasic":1,"FieldTypeOrder":3,"FieldTypeIsLabelAssociated":0,"FieldTypeFormBuilderType":2,"FieldTypeReportBuilderType":null,"row":28,"storedSize":{"styles":{"width":200,"height":66},"styles_mobile":{"width":200,"height":66},"styles_tablet":{"width":200,"height":66}},"hidePreview":false,"className":"Captcha-1642928206277-396-49","classUID":"1642928206277-396-49"},{"properties":{"type":{"title":"Button Type:","type":"select","value":"submit","options":["submit","reset","print","draft","dummy","Salesforce Action","Visual Composer","Go Prev","Go Next","Go to page","Reset signature","Modal signature","Condition","SmartV Logout","Redirect","SSO Logout","XML Parser","Twilio","Close Twilio","Refresh Location","Barcode Scanner"]},"align":{"title":"Button align","type":"select","value":"auto","options":["auto","left","center","right"]},"user_tip":{"title":"User tip","type":"text","value":""},"img_btn_url":{"title":"Choose BackGround Image","type":"imageBackground","value":"","src":""},"default":{"title":"Button Text","type":"text","value":"Υποβολή"},"admin_field_only":{"title":"Admin Field","type":"checkbox","value":false},"unique_value":{"title":"Unique value","type":"checkbox","value":false},"confirmation_mode":{"title":"Confirmation mode","type":"checkbox","value":true,"settings":{"title":"Υποβολή","question":"Να γίνει υποβολή ?","btn_yes":"Ναι","btn_no":"Οχι"}},"onclick_action":{"title":"On click action","type":"checkbox","value":false},"prop_disabled":{"value":true},"field_id":{"value":true,"id":"fld51"},"serviceType":"CustomButton","isSetOrder":true,"subIndex":1,"styles":{"Container-1642929717662-357-50":{"options":{"top":890,"left":272,"width":240,"taborder":23},"container":{}},"Button-1642929717662-357-50":{"element":{"border-style":"groove","border-width":"1px","border-color":"rgba(97,97,97,1)","size":"custom","width":"200px","height":"40px","background-color":"rgba(255,255,255,0.4)","font-family":"Arial, 'Helvetica Neue', Helvetica, sans-serif","font-size":"12px","color":"rgb(8,97,231)","label":{},"font-weight":"bold !important","border-radius":"6px"},"container":{},"options":{"element":{"isBorderBottom":false},"font-size":12,"fontWeightBold":true},"type":"GeneralElement","label":{}}},"page":1,"styles_mobile":{"Container-1642929717662-357-50":{"options":{"top":1782,"left":29,"width":240,"taborder":17},"container":{}},"Button-1642929717662-357-50":{"element":{"border-style":"groove","border-width":"1px","border-color":"rgba(97,97,97,1)","size":"custom","width":"200px","height":"40px","background-color":"rgba(255,255,255,0.4)","font-family":"Arial, 'Helvetica Neue', Helvetica, sans-serif","font-size":"12px","color":"rgb(8,97,231)","label":{},"font-weight":"bold !important","border-radius":"6px"},"container":{},"options":{"element":{"isBorderBottom":false},"font-size":12,"fontWeightBold":true},"type":"GeneralElement","label":{}}},"styles_tablet":{"Container-1642929717662-357-50":{"options":{"top":1031,"left":244,"width":240,"taborder":23,"zindex":12},"container":{}},"Button-1642929717662-357-50":{"element":{"border-style":"groove","border-width":"1px","border-color":"rgba(97,97,97,1)","size":"custom","width":"200px","height":"40px","background-color":"rgba(255,255,255,0.4)","font-family":"Arial, 'Helvetica Neue', Helvetica, sans-serif","font-size":"12px","color":"rgb(8,97,231)","label":{},"font-weight":"bold !important","border-radius":"6px"},"container":{},"options":{"element":{"isBorderBottom":false},"font-size":12,"fontWeightBold":true},"type":"GeneralElement","label":{}}}},"isNew":true,"uid":"1642929717662-357-50","visible":"show","FieldTypeID":20,"FieldTypeName":"Button","FieldTypeDescription":"button,submit,reset,draft,action,go,next,prev,previous,print","FieldTypeIsDataContainer":0,"FieldTypeIsForForm":1,"FieldTypeIsForReport":0,"FieldTypeConditionType":null,"FieldTypeIsBasic":0,"FieldTypeOrder":14,"FieldTypeIsLabelAssociated":0,"FieldTypeFormBuilderType":0,"FieldTypeReportBuilderType":null,"subtype":"CustomButton","row":29,"storedSize":{"styles":{"width":200,"height":40},"styles_mobile":{"width":200,"height":40},"styles_tablet":{"width":200,"height":40}},"className":"Button-1642929717662-357-50","classUID":"1642929717662-357-50","hidePreview":false},{"properties":{"fieldtype":"int","label":{"title":"Label","type":"text","value":"Mobile Number","isHidden":{"top":true,"left":true,"right":true,"bottom":true}},"placeholder_field":{"title":"Placeholder","type":"text","value":""},"default":{"id":"numeric","title":"Default value","type":"number","data":true,"hide":false},"is_mandatory":{"title":"Mandatory","type":"checkbox","value":false},"user_tip":{"title":"User tip","type":"text","value":""},"type":{"title":"Type","type":"select","value":"integer","options":["integer","decimal"]},"min":{"title":"Min","type":"number","value":0},"max":{"title":"Max","type":"number","value":999999999990},"label_align":{"title":"Label align","type":"select","value":"auto","options":["auto","left","center","right"]},"hide_label":{"title":"Hide Label","type":"checkbox","value":false,"keys":{"label":true,"label_align":true}},"align":{"title":"Numeric align","type":"select","value":"left","options":["auto","left","center","right"]},"admin_field_only":{"title":"Admin Field","type":"checkbox","value":false},"unique_value":{"title":"Unique value","type":"checkbox","value":false},"valuerule":{"value":true},"condition":{"value":true},"field_id":{"value":true,"id":"fld66"},"autofocus":{"title":"Auto Focus","type":"checkbox","value":false},"decimalDigits":{"title":"Decimal digits","type":"number","value":0},"accurate_mode":{"title":"Accurate JS mode","type":"checkbox","value":false},"number_format":{"title":"PDF Format","value":""},"numeric_keyboard":{"title":"Numeric keyboard","type":"checkbox","value":false},"enabledFloatingLabel":true,"isSetOrder":true,"subIndex":1,"styles":{"Container-1685947752694-387-65":{"options":{"top":260,"left":375,"width":240,"taborder":66},"container":{}}},"page":1,"cond_readonly":true,"hide_valid_indicator":false,"hide_error_indicator":true,"styles_tablet":{"Container-1685947752694-387-65":{"options":{"top":322,"left":323,"width":240,"taborder":66,"zindex":12},"container":{}},"Label-1685947752694-387-65":{"label":{"height":"auto"}}},"styles_mobile":{"Container-1685947752694-387-65":{"options":{"top":313,"left":40,"width":240,"taborder":66,"zindex":12},"container":{}},"Label-1685947752694-387-65":{"label":{"height":"auto"}}}},"isNew":true,"uid":"1685947752694-387-65","visible":"show","FieldTypeID":19,"FieldTypeName":"Numeric","FieldTypeDescription":"number,int,decimal,numeric,num,float,point,digit","FieldTypeIsDataContainer":1,"FieldTypeIsForForm":1,"FieldTypeIsForReport":0,"FieldTypeConditionType":2,"FieldTypeIsBasic":0,"FieldTypeOrder":4,"FieldTypeIsLabelAssociated":1,"FieldTypeFormBuilderType":0,"FieldTypeReportBuilderType":null,"row":24,"storedSize":{"styles":{"width":200,"height":66},"styles_tablet":{"width":200,"height":66},"styles_mobile":{"width":200,"height":66}},"hidePreview":false,"className":"Numeric-1685947752694-387-65","classUID":"1685947752694-387-65"},{"properties":{"fieldtype":"string","label":{"title":"Label","type":"text","value":"Email","isHidden":{"top":true,"left":true,"right":true,"bottom":true}},"placeholder_field":{"title":"Placeholder","value":"","type":"text"},"is_mandatory":{"title":"Mandatory","type":"checkbox","value":true},"send2FormFilter":{"title":"Send email to filler","type":"checkbox","value":false},"sendCustomEmail2FormFilter":{"title":"custom mail to filler","type":"checkbox","value":false},"customSubject":{"title":"Custom Subject","type":"checkbox","value":false},"isAutoSuggest":{"title":"Auto Suggest","type":"checkbox","value":true},"user_tip":{"title":"User tip","type":"text","value":""},"label_align":{"title":"Label align","type":"select","value":"auto","options":["auto","left","center","right"]},"hide_label":{"title":"Hide Label","type":"checkbox","value":false,"keys":{"label":true,"label_align":true}},"align":{"title":"Email align","type":"select","value":"auto","options":["auto","left","center","right"]},"admin_field_only":{"title":"Admin Field","type":"checkbox","value":false},"unique_value":{"title":"Unique value","type":"checkbox","value":false},"default":{"id":"email","title":"Default value","type":"text","value":"","data":true},"valuerule":{"value":true},"condition":{"value":true},"field_id":{"value":true,"id":"fld67"},"autofocus":{"title":"Auto Focus","type":"checkbox","value":false},"enabledFloatingLabel":true,"isSetOrder":true,"subIndex":1,"styles":{"Container-1685947784805-74-66":{"options":{"top":263,"left":46,"width":240,"taborder":67},"container":{}}},"page":1,"cond_readonly":true,"styles_tablet":{"Container-1685947784805-74-66":{"options":{"top":327,"left":47,"width":240,"taborder":67,"zindex":12},"container":{}},"Label-1685947784805-74-66":{"label":{"height":"auto"}}},"styles_mobile":{"Container-1685947784805-74-66":{"options":{"top":390,"left":40,"width":240,"taborder":67,"zindex":12},"container":{}},"Label-1685947784805-74-66":{"label":{"height":"auto"}}}},"isNew":true,"uid":"1685947784805-74-66","visible":"show","FieldTypeID":7,"FieldTypeName":"Email","FieldTypeDescription":"email,mail,@,gmail","FieldTypeIsDataContainer":1,"FieldTypeIsForForm":1,"FieldTypeIsForReport":0,"FieldTypeConditionType":1,"FieldTypeIsBasic":1,"FieldTypeOrder":6,"FieldTypeIsLabelAssociated":1,"FieldTypeFormBuilderType":0,"FieldTypeReportBuilderType":null,"row":24,"storedSize":{"styles":{"width":200,"height":66},"styles_tablet":{"width":200,"height":66},"styles_mobile":{"width":200,"height":66}},"hidePreview":false,"className":"Email-1685947784805-74-66","classUID":"1685947784805-74-66"},{"properties":{"fieldtype":"string","label":{"title":"Label","type":"text","value":"Όνομα","isHidden":{"top":true,"left":true,"right":true,"bottom":true}},"placeholder_field":{"title":"Placeholder","type":"text","value":""},"default":{"id":"textbox","title":"Default value","type":"text","value":"","data":true,"hide":false},"placeholder":{"value":"","check":true},"is_mandatory":{"title":"Mandatory","type":"checkbox","value":false},"user_tip":{"title":"User tip","type":"text","value":""},"admin_field_only":{"title":"Admin Field","type":"checkbox","value":false},"unique_value":{"title":"Unique value","type":"checkbox","value":false},"limit_chars":{"title":"Maximum Length","type":"text"},"valuerule":{"value":true},"condition":{"value":true},"size":{"value":"large","hide":true},"field_id":{"title":"Field ID","value":true,"id":"fld68"},"mask":{"title":"Field mask","type":"text","value":""},"use_mask_value":{"title":"Use mask value","type":"checkbox","value":false},"clear_mask_placeholder":{"title":"Auto clear placeholder","type":"checkbox","value":false},"autofocus":{"title":"Auto Focus","type":"checkbox","value":false},"password_mode":{"title":"Password mode","type":"checkbox","value":false},"numeric_keyboard":{"title":"Numeric keyboard","type":"checkbox","value":false},"decode_special_chars":{"title":"Decode special chars","type":"checkbox","value":false},"enabledFloatingLabel":true,"isSetOrder":true,"subIndex":1,"styles":{"Container-1685947802503-797-67":{"options":{"top":167,"left":46,"width":240,"taborder":68},"container":{}}},"page":1,"cond_readonly":true,"styles_tablet":{"Container-1685947802503-797-67":{"options":{"top":230,"left":40,"width":240,"taborder":68,"zindex":12},"container":{}},"Label-1685947802503-797-67":{"label":{"height":"auto"}}},"styles_mobile":{"Container-1685947802503-797-67":{"options":{"top":467,"left":40,"width":240,"taborder":68,"zindex":12},"container":{}},"Label-1685947802503-797-67":{"label":{"height":"auto"}}}},"isNew":true,"uid":"1685947802503-797-67","visible":"show","FieldTypeID":2,"FieldTypeName":"Textbox","FieldTypeDescription":"text, input text, input box,textbox","FieldTypeIsDataContainer":1,"FieldTypeIsForForm":1,"FieldTypeIsForReport":0,"FieldTypeConditionType":1,"FieldTypeIsBasic":1,"FieldTypeOrder":3,"FieldTypeIsLabelAssociated":1,"FieldTypeFormBuilderType":0,"FieldTypeReportBuilderType":null,"row":24,"storedSize":{"styles":{"width":200,"height":66},"styles_tablet":{"width":200,"height":66},"styles_mobile":{"width":200,"height":66}},"hidePreview":false,"className":"Textbox-1685947802503-797-67","classUID":"1685947802503-797-67"},{"properties":{"fieldtype":"string","label":{"title":"Label","type":"text","value":"Επίθετο","isHidden":{"top":true,"left":true,"right":true,"bottom":true}},"placeholder_field":{"title":"Placeholder","type":"text","value":""},"default":{"id":"textbox","title":"Default value","type":"text","data":true,"hide":false},"placeholder":{"value":"","check":true},"is_mandatory":{"title":"Mandatory","type":"checkbox","value":true},"user_tip":{"title":"User tip","type":"text","value":""},"admin_field_only":{"title":"Admin Field","type":"checkbox","value":false},"unique_value":{"title":"Unique value","type":"checkbox","value":false},"limit_chars":{"title":"Maximum Length","type":"text"},"valuerule":{"value":true},"condition":{"value":true},"size":{"value":"large","hide":true},"field_id":{"title":"Field ID","value":true,"id":"fld69"},"mask":{"title":"Field mask","type":"text","value":""},"use_mask_value":{"title":"Use mask value","type":"checkbox","value":false},"clear_mask_placeholder":{"title":"Auto clear placeholder","type":"checkbox","value":false},"autofocus":{"title":"Auto Focus","type":"checkbox","value":false},"password_mode":{"title":"Password mode","type":"checkbox","value":false},"numeric_keyboard":{"title":"Numeric keyboard","type":"checkbox","value":false},"decode_special_chars":{"title":"Decode special chars","type":"checkbox","value":false},"enabledFloatingLabel":true,"isSetOrder":true,"subIndex":1,"styles":{"Container-1685947841722-360-68":{"options":{"top":164,"left":375,"width":240,"taborder":69},"container":{}}},"page":1,"cond_readonly":true,"styles_tablet":{"Container-1685947841722-360-68":{"options":{"top":230,"left":323,"width":240,"taborder":69,"zindex":12},"container":{}},"Label-1685947841722-360-68":{"label":{"height":"auto"}}},"styles_mobile":{"Container-1685947841722-360-68":{"options":{"top":544,"left":40,"width":240,"taborder":69,"zindex":12},"container":{}},"Label-1685947841722-360-68":{"label":{"height":"auto"}}}},"isNew":true,"uid":"1685947841722-360-68","visible":"show","FieldTypeID":2,"FieldTypeName":"Textbox","FieldTypeDescription":"text, input text, input box,textbox","FieldTypeIsDataContainer":1,"FieldTypeIsForForm":1,"FieldTypeIsForReport":0,"FieldTypeConditionType":1,"FieldTypeIsBasic":1,"FieldTypeOrder":3,"FieldTypeIsLabelAssociated":1,"FieldTypeFormBuilderType":0,"FieldTypeReportBuilderType":null,"row":24,"storedSize":{"styles":{"width":200,"height":66},"styles_tablet":{"width":200,"height":66},"styles_mobile":{"width":200,"height":66}},"hidePreview":false,"className":"Textbox-1685947841722-360-68","classUID":"1685947841722-360-68"},{"properties":{"fieldtype":"int","label":{"title":"Label","type":"text","value":"Υπόλοιπο Δανείου AFI","isHidden":{"top":true,"left":true,"right":true,"bottom":true}},"placeholder_field":{"title":"Placeholder","value":"","type":"text"},"currency":{"title":"Currency Format","type":"selectbox","value":1,"label":"€ Euros","options":["$ Dollars","€ Euros","฿ Baht","Ft Forint","CHF Francs","Kč Koruna","kr Krona","$ Pesos","£ Pounds Sterling","RM Ringgit","₪ Shekel","¥ Yen","zł Złoty"]},"currencyIsShow":{"title":"Show currency","type":"checkbox","value":true},"min":{"title":"Min Value","type":"number","value":0},"max":{"title":"Max Value","type":"number","value":10000},"is_mandatory":{"title":"Mandatory","type":"checkbox","value":false},"user_tip":{"title":"User tip","type":"text","value":""},"label_align":{"title":"Label align","type":"select","value":"auto","options":["auto","left","center","right"]},"hide_label":{"title":"Hide Label","type":"checkbox","value":false,"keys":{"label":true,"label_align":true}},"align":{"title":"Price align","type":"select","value":"auto","options":["auto","left","center","right"]},"admin_field_only":{"title":"Admin Field","type":"checkbox","value":false},"unique_value":{"title":"Unique value","type":"checkbox","value":false},"cents_fields":{"type":"select","value":0,"hide":true,"options":["Satang","Cents","Cents","Filler","Rappen","Haléřů","Ore","Cents","Pence","Sen","Agora","Yen","Grosz"]},"symbols":{"type":"select","value":0,"hide":true,"options":["$","€","฿","Ft","CHF","Kč","kr","$","£","RM","₪","¥","zł"]},"default":{"id":"price","title":"Default value","type":"number","hide":false,"data":true,"value":0},"valuerule":{"value":true},"condition":{"value":true},"field_id":{"value":true,"id":"fld70"},"autofocus":{"title":"Auto Focus","type":"checkbox","value":false},"decimalDigits":{"title":"Decimal digits","type":"number","value":2},"accurate_mode":{"title":"Accurate JS mode","type":"checkbox","value":false},"number_format":{"title":"PDF Format","value":""},"enabledFloatingLabel":true,"isSetOrder":true,"subIndex":1,"styles":{"Container-1685947884073-908-69":{"options":{"top":359,"left":46,"width":240,"taborder":70,"hide":"off"},"container":{}},"Label-1685947884073-908-69":{"element":{},"label":{"color":"rgba(89,89,89,1)","font-family":"Arial, 'Helvetica Neue', Helvetica, sans-serif","font-size":"12px","display":"block"},"options":{"font-size":12}}},"page":1,"cond_readonly":true,"styles_tablet":{"Container-1685947884073-908-69":{"options":{"top":430,"left":40,"width":240,"taborder":70,"hide":"off","zindex":12},"container":{}},"Label-1685947884073-908-69":{"element":{},"label":{"color":"rgba(89,89,89,1)","font-family":"Arial, 'Helvetica Neue', Helvetica, sans-serif","font-size":"12px","display":"block","height":"auto"},"options":{"font-size":12}}},"styles_mobile":{"Container-1685947884073-908-69":{"options":{"top":621,"left":40,"width":240,"taborder":70,"hide":"off","zindex":12},"container":{}},"Label-1685947884073-908-69":{"element":{},"label":{"color":"rgba(89,89,89,1)","font-family":"Arial, 'Helvetica Neue', Helvetica, sans-serif","font-size":"12px","display":"block","height":"auto"},"options":{"font-size":12}}}},"isNew":true,"uid":"1685947884073-908-69","visible":"show","FieldTypeID":13,"FieldTypeName":"Price","FieldTypeDescription":"price,currency,money,number","FieldTypeIsDataContainer":1,"FieldTypeIsForForm":1,"FieldTypeIsForReport":0,"FieldTypeConditionType":2,"FieldTypeIsBasic":1,"FieldTypeOrder":7,"FieldTypeIsLabelAssociated":1,"FieldTypeFormBuilderType":1,"FieldTypeReportBuilderType":null,"row":25,"storedSize":{"styles":{"width":200,"height":66},"styles_tablet":{"width":200,"height":66},"styles_mobile":{"width":200,"height":66}},"hidePreview":false,"className":"Price-1685947884073-908-69","classUID":"1685947884073-908-69"},{"properties":{"type":"int","label":{"title":"Label","type":"text","value":"Αιτούμενο ποσό νέου δανείου","isHidden":{"top":false,"left":true,"right":true,"bottom":true}},"max":{"title":"Max","type":"number","value":25000},"min":{"title":"Min","type":"number","value":0},"steps":{"title":"Step","type":"number","value":1},"is_mandatory":{"title":"Mandatory","type":"checkbox","value":false},"show_ticks":{"title":"Show Ticks","type":"checkbox","value":false},"showSelectionBar":{"title":"Active Line","type":"checkbox","value":false},"user_tip":{"title":"User tip","type":"text","value":""},"admin_field_only":{"title":"Admin field only","type":"checkbox","value":false},"default":{"title":"Default value","type":"number","value":0},"valuerule":{"value":true},"condition":{"value":true},"field_id":{"value":true,"id":"fld71"},"isSetOrder":true,"subIndex":1,"slideOptions":{"floor":0,"ceil":25000,"step":1,"showSelectionBar":false},"styles":{"Container-1685947985739-22-70":{"options":{"top":541,"left":40,"width":240,"taborder":71},"container":{}}},"page":1,"styles_tablet":{"Container-1685947985739-22-70":{"options":{"top":527,"left":40,"width":240,"taborder":71,"zindex":12},"container":{}},"Label-1685947985739-22-70":{"label":{"height":"auto"}}},"styles_mobile":{"Container-1685947985739-22-70":{"options":{"top":698,"left":40,"width":240,"taborder":71,"zindex":12},"container":{}},"Label-1685947985739-22-70":{"label":{"height":"auto"}}}},"isNew":true,"uid":"1685947985739-22-70","visible":"show","FieldTypeID":66,"FieldTypeName":"Slider","FieldTypeDescription":"slider,slide,range,number","FieldTypeIsDataContainer":1,"FieldTypeIsForForm":1,"FieldTypeIsForReport":0,"FieldTypeConditionType":2,"FieldTypeIsBasic":1,"FieldTypeOrder":10,"FieldTypeIsLabelAssociated":1,"FieldTypeFormBuilderType":1,"FieldTypeReportBuilderType":null,"row":15,"storedSize":{"styles":{"width":200,"height":83},"styles_tablet":{"width":200,"height":83},"styles_mobile":{"width":210,"height":89}},"hidePreview":false,"className":"Slider-1685947985739-22-70","classUID":"1685947985739-22-70","isInitedOptions":true},{"properties":{"fieldtype":"string","label":{"title":"Label","type":"text","value":"Περιγραφή σκοπού νέου δανείου","isHidden":{"top":true,"left":true,"right":true,"bottom":true}},"width":{"title":"Width","type":"text","value":"10","hide":true},"height":{"title":"Height","type":"text","value":"10","hide":true},"default":{"id":"textarea","title":"Default value","type":"text","value":"","data":true,"hide":false},"placeholder_field":{"title":"Placeholder","type":"text","value":""},"is_mandatory":{"title":"Mandatory","type":"checkbox","value":false},"user_tip":{"title":"User tip","type":"text","value":""},"admin_field_only":{"title":"Admin Field","type":"checkbox","value":false},"unique_value":{"title":"Unique value","type":"checkbox","value":false},"limit_chars":{"title":"Maximum Length","type":"text","value":"250"},"valuerule":{"value":true},"condition":{"value":true},"field_id":{"value":true,"id":"fld73"},"autofocus":{"title":"Auto Focus","type":"checkbox","value":false},"decode_special_chars":{"title":"Decode special chars","type":"checkbox","value":false},"enabledFloatingLabel":true,"isSetOrder":true,"subIndex":1,"styles":{"Container-1685948077915-886-72":{"options":{"top":637,"left":40,"width":450,"taborder":73},"container":{}},"TextArea-1685948077915-886-72":{"element":{"border-style":"solid","border-width":"1px","border-color":"rgba(97,97,97,1)","size":"custom","width":"214px","height":"100px","background-color":"rgba(255,255,255,0.4)","padding-left":"10px","font-family":"Arial, 'Helvetica Neue', Helvetica, sans-serif","font-size":"12px","color":"rgba(145,145,145,1)","padding-top":"7px","label":{}},"container":{},"options":{"element":{"isBorderBottom":true},"font-size":12,"widthUnit":"px","heightUnit":"px"},"type":"GeneralElement","label":{}}},"page":1,"styles_tablet":{"Container-1685948077915-886-72":{"options":{"top":683,"left":40,"width":450,"taborder":73,"zindex":12},"container":{}},"TextArea-1685948077915-886-72":{"element":{"border-style":"solid","border-width":"1px","border-color":"rgba(97,97,97,1)","size":"custom","width":"214px","height":"100px","background-color":"rgba(255,255,255,0.4)","padding-left":"10px","font-family":"Arial, 'Helvetica Neue', Helvetica, sans-serif","font-size":"12px","color":"rgba(145,145,145,1)","padding-top":"7px","label":{}},"container":{},"options":{"element":{"isBorderBottom":true},"font-size":12,"widthUnit":"px","heightUnit":"px"},"type":"GeneralElement","label":{}},"Label-1685948077915-886-72":{"label":{"height":"auto"}}},"styles_mobile":{"Container-1685948077915-886-72":{"options":{"top":812,"left":40,"width":450,"taborder":73,"zindex":12},"container":{}},"TextArea-1685948077915-886-72":{"element":{"border-style":"solid","border-width":"1px","border-color":"rgba(97,97,97,1)","size":"custom","width":"214px","height":"100px","background-color":"rgba(255,255,255,0.4)","padding-left":"10px","font-family":"Arial, 'Helvetica Neue', Helvetica, sans-serif","font-size":"12px","color":"rgba(145,145,145,1)","padding-top":"7px","label":{}},"container":{},"options":{"element":{"isBorderBottom":true},"font-size":12,"widthUnit":"px","heightUnit":"px"},"type":"GeneralElement","label":{}},"Label-1685948077915-886-72":{"label":{"height":"auto"}}}},"isNew":true,"uid":"1685948077915-886-72","visible":"show","FieldTypeID":3,"FieldTypeName":"TextArea","FieldTypeDescription":"text, input text, input box,textbox,muli,line,long text","FieldTypeIsDataContainer":1,"FieldTypeIsForForm":1,"FieldTypeIsForReport":0,"FieldTypeConditionType":1,"FieldTypeIsBasic":1,"FieldTypeOrder":5,"FieldTypeIsLabelAssociated":1,"FieldTypeFormBuilderType":0,"FieldTypeReportBuilderType":null,"row":17,"storedSize":{"styles":{"width":214,"height":126},"styles_tablet":{"width":214,"height":126},"styles_mobile":{"width":214,"height":126}},"hidePreview":false,"className":"TextArea-1685948077915-886-72","classUID":"1685948077915-886-72"},{"properties":{"html":{"value":"<p><span style=\"font-size: 16px; color: #616161; font-family: 'Roboto';\">Paragraph</span></p>","hid":true,"Desktop":"<p>*&Pi;&alpha;&rho;&alpha;&kappa;&alpha;&lambda;&omicron;ύ&mu;&epsilon; ό&pi;&omega;&sigmaf; &epsilon;&lambda;έ&gamma;&xi;&epsilon;&tau;&epsilon; &tau;&alpha; &sigma;&tau;&omicron;&iota;&chi;&epsilon;ί&alpha; &epsilon;&pi;&iota;&kappa;&omicron;&iota;&nu;&omega;&nu;ί&alpha;&sigmaf; &sigma;&alpha;&sigmaf; &pi;&omicron;&upsilon; &alpha;&nu;&alpha;&phi;έ&rho;&omicron;&nu;&tau;&alpha;&iota; &pi;&alpha;&rho;&alpha;&pi;ά&nu;&omega;. &Sigma;&epsilon; &pi;&epsilon;&rho;ί&pi;&tau;&omega;&sigma;&eta; &pi;&omicron;&upsilon; έ&chi;&epsilon;&iota; &alpha;&lambda;&lambda;ά&xi;&epsilon;&iota; &kappa;ά&tau;&iota; &pi;&alpha;&rho;&alpha;&kappa;&alpha;&lambda;&omicron;ύ&mu;&epsilon; ό&pi;&omega;&sigmaf; &epsilon;&pi;&iota;&kappa;&omicron;&iota;&nu;&omega;&nu;ή&sigma;&epsilon;&tau;&epsilon; &mu;&epsilon; &tau;&omicron;&nu;/&tau;&eta;&nu; &sigma;ύ&mu;&beta;&omicron;&upsilon;&lambda;&omicron; &sigma;&alpha;&sigmaf; [Loan owner full name] &sigma;&tau;&omicron; [loan owner email].</p>","Tablet":"<p>*&Pi;&alpha;&rho;&alpha;&kappa;&alpha;&lambda;&omicron;ύ&mu;&epsilon; ό&pi;&omega;&sigmaf; &epsilon;&lambda;έ&gamma;&xi;&epsilon;&tau;&epsilon; &tau;&alpha; &sigma;&tau;&omicron;&iota;&chi;&epsilon;ί&alpha; &epsilon;&pi;&iota;&kappa;&omicron;&iota;&nu;&omega;&nu;ί&alpha;&sigmaf; &sigma;&alpha;&sigmaf; &pi;&omicron;&upsilon; &alpha;&nu;&alpha;&phi;έ&rho;&omicron;&nu;&tau;&alpha;&iota; &pi;&alpha;&rho;&alpha;&pi;ά&nu;&omega;. &Sigma;&epsilon; &pi;&epsilon;&rho;ί&pi;&tau;&omega;&sigma;&eta; &pi;&omicron;&upsilon; έ&chi;&epsilon;&iota; &alpha;&lambda;&lambda;ά&xi;&epsilon;&iota; &kappa;ά&tau;&iota; &pi;&alpha;&rho;&alpha;&kappa;&alpha;&lambda;&omicron;ύ&mu;&epsilon; ό&pi;&omega;&sigmaf; &epsilon;&pi;&iota;&kappa;&omicron;&iota;&nu;&omega;&nu;ή&sigma;&epsilon;&tau;&epsilon; &mu;&epsilon; &tau;&omicron;&nu;/&tau;&eta;&nu; &sigma;ύ&mu;&beta;&omicron;&upsilon;&lambda;&omicron; &sigma;&alpha;&sigmaf; [Loan owner full name] &sigma;&tau;&omicron; [loan owner email].</p>","Mobile":"<p>*&Pi;&alpha;&rho;&alpha;&kappa;&alpha;&lambda;&omicron;ύ&mu;&epsilon; ό&pi;&omega;&sigmaf; &epsilon;&lambda;έ&gamma;&xi;&epsilon;&tau;&epsilon; &tau;&alpha; &sigma;&tau;&omicron;&iota;&chi;&epsilon;ί&alpha; &epsilon;&pi;&iota;&kappa;&omicron;&iota;&nu;&omega;&nu;ί&alpha;&sigmaf; &sigma;&alpha;&sigmaf; &pi;&omicron;&upsilon; &alpha;&nu;&alpha;&phi;έ&rho;&omicron;&nu;&tau;&alpha;&iota; &pi;&alpha;&rho;&alpha;&pi;ά&nu;&omega;. &Sigma;&epsilon; &pi;&epsilon;&rho;ί&pi;&tau;&omega;&sigma;&eta; &pi;&omicron;&upsilon; έ&chi;&epsilon;&iota; &alpha;&lambda;&lambda;ά&xi;&epsilon;&iota; &kappa;ά&tau;&iota; &pi;&alpha;&rho;&alpha;&kappa;&alpha;&lambda;&omicron;ύ&mu;&epsilon; ό&pi;&omega;&sigmaf; &epsilon;&pi;&iota;&kappa;&omicron;&iota;&nu;&omega;&nu;ή&sigma;&epsilon;&tau;&epsilon; &mu;&epsilon; &tau;&omicron;&nu;/&tau;&eta;&nu; &sigma;ύ&mu;&beta;&omicron;&upsilon;&lambda;&omicron; &sigma;&alpha;&sigmaf; [Loan owner full name] &sigma;&tau;&omicron; [loan owner email].</p>"},"show_modal":{"title":"Edit Paragraph","type":"ins_button"},"autofocus":{"title":"Auto Focus","type":"checkbox","value":false},"admin_field_only":{"title":"Admin field only","type":"checkbox","value":false},"ellipsis_mode":{"title":"Ellipsis mode","type":"checkbox","value":false},"ellipsis_mode_url":{"title":"Custom Ellipsis URL","type":"checkbox","value":false},"field_id":{"value":true,"id":"fld75"},"user_tip":{"title":"User tip","type":"text","value":""},"font_size":{"title":"Font size","type":"text","value":""},"font_color":{"title":"Font color","type":"text","value":""},"custom_font_family":{"value":""},"configure_captions":{},"force_LTR":{"title":"Force LTR text","type":"checkbox","value":false},"isSetOrder":true,"subIndex":1,"styles":{"Container-1685948172297-630-74":{"options":{"top":809,"left":48,"width":133,"taborder":75},"container":{"padding-left":"40px"},"element":{}}},"page":1,"styles_tablet":{"Container-1685948172297-630-74":{"options":{"top":914,"left":30,"width":133,"taborder":75,"zindex":12,"widthUnit":"px","heightUnit":"px"},"container":{"padding-left":"40px","width":"629px","height":"60px"},"element":{}}},"styles_mobile":{"Container-1685948172297-630-74":{"options":{"top":1402,"left":4,"width":133,"taborder":75,"zindex":12},"container":{"padding-left":"40px"},"element":{}}}},"isNew":true,"uid":"1685948172297-630-74","visible":"show","FieldTypeID":32,"FieldTypeName":"Paragraph","FieldTypeDescription":"long text, rich text, paragraph,long,html,rtf,rich,text","FieldTypeIsDataContainer":0,"FieldTypeIsForForm":1,"FieldTypeIsForReport":1,"FieldTypeConditionType":null,"FieldTypeIsBasic":0,"FieldTypeOrder":13,"FieldTypeIsLabelAssociated":0,"FieldTypeFormBuilderType":0,"FieldTypeReportBuilderType":0,"row":19,"storedSize":{"styles":{"width":658,"height":60},"styles_tablet":{"width":629,"height":60},"styles_mobile":{"width":274,"height":160}},"className":"Paragraph-1685948172297-630-74","classUID":"1685948172297-630-74","hidePreview":false},{"properties":{"fieldtype":"datetime","label":{"title":"Label","type":"text","value":"Date","isHidden":{"top":true,"left":true,"right":true,"bottom":true}},"show_mask":{"title":"Show mask","type":"checkbox","value":true},"is_mandatory":{"title":"Mandatory","type":"checkbox","value":false},"user_tip":{"title":"User tip","type":"text","value":""},"format":{"title":"Format","type":"select","value":"MM/dd/yyyy","options":["MM/dd/yyyy","dd/MM/yyyy"]},"label_align":{"title":"Label align","type":"select","value":"auto","options":["auto","left","center","right"]},"hide_label":{"title":"Hide Label","type":"checkbox","value":false,"keys":{"label":true,"label_align":true}},"setCurrentTime":{"type":"checkbox","value":true},"defaultYear":{"title":"Default Year","type":"text","value":""},"align":{"title":"Date align","type":"select","value":"auto","options":["auto","left","center","right"]},"admin_field_only":{"title":"Admin Field","type":"checkbox","value":false},"default":{"id":"date","title":"Default value","type":"date","hide":true,"data":true},"unique_value":{"title":"Unique value","type":"checkbox","value":false},"valuerule":{"value":true},"condition":{"value":true},"field_id":{"value":true,"id":"fld77"},"split_mode":{"title":"Split mode","type":"checkbox","value":false},"isSetOrder":true,"subIndex":1,"styles":{"Container-1685962989471-129-76":{"options":{"top":468,"left":41,"width":240,"taborder":77,"hide":"on"},"container":{}}},"page":1,"styles_tablet":{"Container-1685962989471-129-76":{"options":{"top":532,"left":323,"width":240,"taborder":77,"hide":"on","zindex":12},"container":{}},"Label-1685962989471-129-76":{"label":{"height":"auto"}}},"styles_mobile":{"Container-1685962989471-129-76":{"options":{"top":971,"left":40,"width":240,"taborder":77,"hide":"on","zindex":12},"container":{}},"Label-1685962989471-129-76":{"label":{"height":"auto"}},"Date":{"element":{"border-style":"solid","border-width":"1px","border-color":"rgba(97,97,97,1)","size":"custom","width":"200px","height":"40px","background-color":"rgba(255,255,255,0.4)","padding-left":"10px","font-family":"Arial, 'Helvetica Neue', Helvetica, sans-serif","font-size":"12px","color":"rgba(145,145,145,1)"},"container":{},"options":{"element":{"isBorderBottom":true}},"type":"GeneralElement","label":{}}}},"isNew":true,"uid":"1685962989471-129-76","visible":"show","FieldTypeID":10,"FieldTypeName":"Date","FieldTypeDescription":"date,time,clock","FieldTypeIsDataContainer":1,"FieldTypeIsForForm":1,"FieldTypeIsForReport":0,"FieldTypeConditionType":3,"FieldTypeIsBasic":1,"FieldTypeOrder":4,"FieldTypeIsLabelAssociated":1,"FieldTypeFormBuilderType":1,"FieldTypeReportBuilderType":0,"row":16,"storedSize":{"styles":{"width":200,"height":66},"styles_tablet":{"width":200,"height":66},"styles_mobile":{"width":200,"height":66}},"hidePreview":true,"className":"Date-1685962989471-129-76","classUID":"1685962989471-129-76"},{"properties":{"fieldtype":"datetime","label":{"title":"Label","type":"text","value":"Καταληκτική ημερομηνία αποπληρωμής προηγούμενου δανείου","isHidden":{"top":true,"left":true,"right":true,"bottom":true}},"show_mask":{"title":"Show mask","type":"checkbox","value":true},"is_mandatory":{"title":"Mandatory","type":"checkbox","value":false},"user_tip":{"title":"User tip","type":"text","value":""},"format":{"title":"Format","type":"select","value":"MM/dd/yyyy","options":["MM/dd/yyyy","dd/MM/yyyy"]},"label_align":{"title":"Label align","type":"select","value":"auto","options":["auto","left","center","right"]},"hide_label":{"title":"Hide Label","type":"checkbox","value":false,"keys":{"label":true,"label_align":true}},"setCurrentTime":{"type":"checkbox","value":true},"defaultYear":{"title":"Default Year","type":"text","value":""},"align":{"title":"Date align","type":"select","value":"auto","options":["auto","left","center","right"]},"admin_field_only":{"title":"Admin Field","type":"checkbox","value":false},"default":{"id":"date","title":"Default value","type":"date","hide":true,"data":true},"unique_value":{"title":"Unique value","type":"checkbox","value":false},"valuerule":{"value":true},"condition":{"value":true},"field_id":{"value":true,"id":"fld79"},"split_mode":{"title":"Split mode","type":"checkbox","value":false},"isSetOrder":true,"subIndex":2,"styles":{"Container-1686825113794-251-79":{"options":{"top":356,"left":375,"width":240,"taborder":77,"hide":"off"},"container":{}},"Label-1686825113794-251-79":{"label":{"width":"250px"}}},"page":1,"cond_readonly":true,"styles_tablet":{"Container-1686825113794-251-79":{"options":{"top":429,"left":323,"width":240,"taborder":77,"hide":"off","zindex":12},"container":{}},"Label-1686825113794-251-79":{"label":{"width":"250px","height":"auto"}}},"styles_mobile":{"Container-1686825113794-251-79":{"options":{"top":1057,"left":40,"width":240,"taborder":77,"hide":"off","zindex":12},"container":{}},"Label-1686825113794-251-79":{"label":{"width":"250px","height":"auto"}},"Date-1686825113794-251-79":{"element":{"border-style":"solid","border-width":"1px","border-color":"rgba(97,97,97,1)","size":"custom","width":"200px","height":"40px","background-color":"rgba(255,255,255,0.4)","padding-left":"10px","font-family":"Arial, 'Helvetica Neue', Helvetica, sans-serif","font-size":"12px","color":"rgba(145,145,145,1)"},"container":{},"options":{"element":{"isBorderBottom":true}},"type":"GeneralElement","label":{}},"Date":{"element":{"border-style":"solid","border-width":"1px","border-color":"rgba(97,97,97,1)","size":"custom","width":"200px","height":"40px","background-color":"rgba(255,255,255,0.4)","padding-left":"10px","font-family":"Arial, 'Helvetica Neue', Helvetica, sans-serif","font-size":"12px","color":"rgba(145,145,145,1)"},"container":{},"options":{"element":{"isBorderBottom":true}},"type":"GeneralElement","label":{}}}},"isNew":true,"visible":"show","FieldTypeID":10,"FieldTypeName":"Date","FieldTypeDescription":"date,time,clock","FieldTypeIsDataContainer":1,"FieldTypeIsForForm":1,"FieldTypeIsForReport":0,"FieldTypeConditionType":3,"FieldTypeIsBasic":1,"FieldTypeOrder":4,"FieldTypeIsLabelAssociated":1,"FieldTypeFormBuilderType":1,"FieldTypeReportBuilderType":0,"row":16,"storedSize":{"styles":{"width":200,"height":66},"styles_tablet":{"width":200,"height":66},"styles_mobile":{"width":200,"height":66}},"hidePreview":false,"className":"Date-1686825113794-251-79","classUID":"1686825113794-251-79","uid":"1686825113794-251-79"},{"properties":{"fieldtype":"list","label":{"title":"Label","type":"text","value":"Συμφωνείτε με τη συλλογή &amp; επεξεργασία των προσωπικών δεδομένων σας από την AFI σύμφωνα με τον Ευρωπαϊκό Κανονισμό GDPR; (GDPR/Terms of use)","isHidden":{"top":false,"left":true,"right":true,"bottom":true}},"group":{"id":"checkbox","title":"Options","type":"group","data":true,"value":[],"checked":false,"items":[{"value":false,"label":"Ναι","state":true,"uid":"1742312487865-541-1","advanced":"Ναι"}]},"ather_options":{"value":"","selected":false,"title":"Ather"},"display":{"title":"Display","type":"display","alignment":{"title":"Alignment","type":"radio","selected":"horizontal","value":"h","items":[{"type":"radio","value":"h","label":"Horizontal"},{"type":"radio","value":"v","label":"Vertical"}],"Desktop":"horizontal","Tablet":"horizontal","Mobile":"horizontal","Mini":"horizontal"}},"checkbox_columns":{"title":"Columns","type":"select","value":1,"options":[1,2,3,4,5,6,7,8,9,10]},"is_random":{"title":"Randomize","type":"checkbox","value":false},"add_other":{"title":"Add Other","action":"add_other","textbox_value":"Add Other","type":"checkbox","value":false,"showInput":false,"label":"other","uid":"1742312487865-716-4"},"is_mandatory":{"title":"Mandatory","type":"checkbox","value":true},"user_tip":{"title":"User tip","type":"text","value":""},"admin_field_only":{"title":"Admin Field","type":"checkbox","value":false},"alignment_type":{"title":"Alignment Type:","type":"select","value":"horizontal","options":["vertical","horizontal"]},"size":{"title":"Size","type":"select","value":"medium","options":["small","medium","large","custom"],"hide":false},"unique_value":{"title":"Unique value","type":"checkbox","value":false},"valuerule":{"value":true},"condition":{"value":true},"field_id":{"value":true,"advance":true,"id":"fld83"},"disallow_dynamic_items":{"title":"Disallow dyn. items","type":"checkbox","value":false},"load_custom_list":{"title":"Load Custom List","type":"checkbox","value":false},"single_selection":{"title":"Single selection","type":"checkbox","value":false},"single_repeat_selection":{"title":"Checked once","type":"checkbox","value":false},"show_dynamic_item":{"title":"Show dynamic item","type":"checkbox","value":false},"set_default_from_salesforce":{"title":"Salesforce default","type":"checkbox","value":false},"isSetOrder":true,"subIndex":4,"prepared":{"position":"horizontal","elements":[{"column":1,"items":[{"value":false,"label":"Ναι","state":true,"uid":"1742312487865-541-1","advanced":"Ναι","itemIndex":0}]}],"reversed":false,"maxColumns":1},"styles":{"Container-1742312487864-235-82":{"options":{"top":577,"left":339,"width":458,"taborder":83},"container":{}},"Label-1742312487864-235-82":{"element":{},"label":{"width":"367px","height":"69px"},"options":{"widthUnit":"px","heightUnit":"px"}}},"styles_tablet":{"Container-1742312487864-235-82":{"options":{"top":675,"left":316,"width":458,"taborder":83,"zindex":12},"container":{}},"Label-1742312487864-235-82":{"element":{},"label":{"width":"367px","height":"auto"},"options":{"widthUnit":"px","heightUnit":"px"}}},"styles_mobile":{"Container-1742312487864-235-82":{"options":{"top":1152,"left":22,"width":458,"taborder":83,"zindex":12},"container":{}},"Label-1742312487864-235-82":{"element":{},"label":{"width":"234px","height":"89px"},"options":{"widthUnit":"px","heightUnit":"px"}},"Checkbox":{"element":{"border-style":"solid","border-width":"1px","border-color":"rgba(97,97,97,1)","size":"custom","background-color":"rgba(255,255,255,0.4)","color":"rgba(145,145,145,1)"},"container":{},"options":{"element":{"isBorderBottom":true}},"type":"GeneralElement","label":{}}},"page":1},"isNew":true,"uid":"1742312487864-235-82","visible":"show","FieldTypeID":4,"FieldTypeName":"Checkbox","FieldTypeDescription":"bool,true,false,0,1,boolean,check,tick,yes,no,select,choice,choices,list,option","FieldTypeIsDataContainer":1,"FieldTypeIsForForm":1,"FieldTypeIsForReport":0,"FieldTypeConditionType":4,"FieldTypeIsBasic":1,"FieldTypeOrder":9,"FieldTypeIsLabelAssociated":1,"FieldTypeFormBuilderType":0,"FieldTypeReportBuilderType":null,"row":19,"storedSize":{"styles":{"width":367,"height":126},"styles_tablet":{"width":367,"height":108},"styles_mobile":{"width":234,"height":146}},"hidePreview":false,"className":"Checkbox-1742312487864-235-82","classUID":"1742312487864-235-82"},{"properties":{"align":{"title":"HREF align","type":"select","value":"auto","options":["auto","left","center","right"]},"url":{"title":"HREF url","type":"text","value":"https://actionfinanceinitiative.my.salesforce.com/sfc/p/2X000000pFBj/a/Oj000001QkjP/FuKNjHW4fQlFm_1cI89.BxYX8n7DZnhRjQknl6Ij_68"},"default":{"title":"HREF text","type":"text","value":"Διαβάστε εδώ για να αποδειχτείτε την πολιτική GDPR"},"target":{"title":"HREF target","type":"select","value":"_blank","options":["_blank","_parent","_self","_top","_popup","_modal","_custom"]},"user_tip":{"title":"User tip","type":"text","value":""},"field_id":{"value":true,"id":"fld85"},"onclick_action":{"title":"On click action","type":"checkbox","value":false},"isSetOrder":true,"subIndex":1,"styles":{"Container-1742312841042-720-84":{"options":{"top":724,"left":339,"taborder":85},"container":{}},"HREF-1742312841042-720-84":{"element":{"size":"custom","width":"351px","height":"40px","font-family":"Arial, 'Helvetica Neue', Helvetica, sans-serif","font-size":"16px","color":"rgba(37,120,217,1)","label":{},"text-decoration":"underline"},"container":{},"options":{"element":{"isBorderBottom":true},"font-size":16,"widthUnit":"px","heightUnit":"px","text-decoration":true},"type":"GeneralElement","label":{}}},"styles_tablet":{"Container-1742312841042-720-84":{"options":{"top":809,"left":316,"taborder":85,"zindex":12},"container":{}},"HREF-1742312841042-720-84":{"element":{"size":"custom","width":"351px","height":"40px","font-family":"Arial, 'Helvetica Neue', Helvetica, sans-serif","font-size":"16px","color":"rgba(37,120,217,1)","label":{},"text-decoration":"underline"},"container":{},"options":{"element":{"isBorderBottom":true},"font-size":16,"widthUnit":"px","heightUnit":"px","text-decoration":true},"type":"GeneralElement","label":{}}},"styles_mobile":{"Container-1742312841042-720-84":{"options":{"top":1311,"left":40,"taborder":85,"zindex":12},"container":{}},"HREF-1742312841042-720-84":{"element":{"size":"custom","width":"192px","height":"40px","font-family":"Arial, 'Helvetica Neue', Helvetica, sans-serif","font-size":"16px","color":"rgba(37,120,217,1)","label":{},"text-decoration":"underline"},"container":{},"options":{"element":{"isBorderBottom":true},"font-size":16,"widthUnit":"px","heightUnit":"px","text-decoration":true},"type":"GeneralElement","label":{}}},"page":1},"isNew":true,"uid":"1742312841042-720-84","visible":"show","FieldTypeID":38,"FieldTypeName":"HREF","FieldTypeDescription":"link,href,call,","FieldTypeIsDataContainer":0,"FieldTypeIsForForm":1,"FieldTypeIsForReport":1,"FieldTypeConditionType":null,"FieldTypeIsBasic":0,"FieldTypeOrder":2,"FieldTypeIsLabelAssociated":0,"FieldTypeFormBuilderType":0,"FieldTypeReportBuilderType":0,"row":19,"className":"HREF-1742312841042-720-84","classUID":"1742312841042-720-84","storedSize":{"styles":{"width":351,"height":40},"styles_tablet":{"width":351,"height":40},"styles_mobile":{"width":192,"height":40}},"hidePreview":false}],[],[],[]],"customEmailToFormOwner":{"isCustomEmailToFormOwner":false,"expression":"","expression_text":""},"additionalEmails":false,"customEmailFormat":{"isCustomEmail":false,"expression":"","expression_text":""},"isReplyToEmail":false,"replyToEmail":"","additionalEmailsList":"","additional_mails":"","custom_mail_format":"","redirect_url":"https://www.afi.org.gr","redirectToUrl":false,"confirmation_text":"","confirmationText":true,"form_time_zone":2,"auto_translation":false,"delete_button_with_confirmation":"","user_notice":false,"unique_submission":false,"quota_limit":false,"quota_limit_count":0,"availableDateFrom":"2022-01-16T17:13:42.725Z","availableDateTo":"2022-01-16T17:13:42.725Z","availableFromTo":false,"disable":false,"acceleration":false,"chats":false,"heatmap":false,"randomize":false,"save2db":false,"autotranslate":false,"google_prediction":false,"geo_ip":false,"abTestingEnable":false,"typeOfForm":{"FormTypeID":33,"FormTypeName":"Application Form","FormTypeRecomendedConversion":3,"FormTypeShortDesc":"Dealing with Applicants?  We offer several types of online form templates for various applications: Job application, Scholarship application or loan applications. If you are using Salesforce CRM, it is highly recommended to integrate your form with it, to keep data constantly in sync.","FormTypeLongDesc":"<p>Application forms are used by clubs, school, non-profit organizations,etc.<br />FormTitan offers several application templates. If you see a form that&rsquo;s good for you as-is, simply select and publish. Within less than a minute it's yours, up and running!</p>\n<p><strong>What If i want to modify the template and give it a different look?</strong><br />You can use the template as is, or add and remove elements as you find necessary. Feel free to use the form with other themes out of our list, or make your own layout changes, add your colors, logo, etc.</p>\n<p><strong>How do I add advanced features to the template?</strong><br />You can easily enhance the template with some of FormTitan&rsquo;s advanced features: For example if some parts of the application are relevant only to specific applicants you can use our advanced logic and show elements to applicants based on information they provide at the beginning of the form.</p>\n<p><strong>How do i get the submitted data?</strong><br />By default you will be getting all submissions directly to your mailbox. You can easily customize these emails from within our form builder. Furthermore, you can use our built-in integrations to push your data into other services of your choice. E.g. you can collect all submitted surveys in a document or spreadsheet within your google drive.<br /><br /><strong>Should I integrate my forms with Salesforce?</strong><br />If you are using Salesforce CRM, it is highly recommended to have your form integrated with it, to keep data constantly in sync. Use the Push and Get integration to update and read data.</p>","FormTypeIconPath":"https://formtitanhelpdeskimage.s3.amazonaws.com/FormTypes/33_big.jpg","FormTypeSmallIconPath":"https://formtitanhelpdeskimage.s3.amazonaws.com/FormTypes/33_small.jpg","FormTypeURL":"Application-Forms","FormTypeH1":"Create online application forms using the FormTitan online form builder templates","FormTypeH2":"FormTitan for Application forms templates","FormTypeOrder":6,"id":33,"title":"Application Form"},"rules":[],"valueRule":[],"formUrlExtension":"ft3ce1e5d41685947622952","validIndicator":true,"errorIndicator":true,"dontSaveData":false,"generateBarCode":false,"usability":false,"seo":{"title":"","description":"","keywords":""},"submit":{"value":"Submit Form"},"securedLogo":false,"autocorrectForMobile":false,"customSubject":{"expression":null,"expression_text":null,"showEditor":false},"customHeader":{"expression":null,"expression_text":null,"showEditor":false},"customFooter":{"expression":null,"expression_text":null,"showEditor":false},"direction":{"isChecked":false,"value":"ltr"},"styles":{"Form":{"element":{"isDropCorrection":false,"dropCorrectionPaddingTop":"","size":"custom","conditionSpacing":49,"width":"750px","height":"1050px","padding-top":"20px","padding-left":"20px","padding-right":"20px","display":"block","hover-effected-border-size":"1","hover-effected-border-color":"rgba(0,0,0,0.76)","hover-effected":"rgb(218,217,224)","hover-effected-shadow":"rgba(178,185,185,1)","border-width":"1px","border-radius":"28px","border-style":"inset","border-top-width":"","box-shadow":"1px 2px 3px rgba(50,49,49,1)","padding-bottom":"10px"},"container":{"text-align":"center"},"options":{"font":{"unit":"px"},"asterix":{"color":"","font-size":"11px","fontWeightBold":true},"Numeric":{"font":{"unit":"px"}},"Textbox":{"font":{"unit":"px"}},"Address":{"font":{"unit":"px"}},"FullName":{"font":{"unit":"px"}},"auto_scal":"off","widthUnit":"px","heightUnit":"px","errorStyle":{},"tooltipLabel":{"color":""},"tooltipBackground":{"color":""},"shadowBox":"1px 2px 3px rgba(50,49,49,1)","userCustomStyle":""}},"Page":{"element":{"font-size":"12px","padding-top":"5px","padding-bottom":"5px","padding-left":"5px","padding-right":"5px"},"container":{},"options":{"font":{"unit":"px"},"font-size":12}},"Header":{"element":{"color":"","background-color":""},"container":{"padding-left":"40px"},"options":{},"type":"GeneralContainer"},"Name":{"options":{},"label":{},"element":{"font-size":"30px","color":"rgba(0,0,0,1)"}},"GeneralContainer":{"element":{},"container":{"padding-left":"40px"},"options":{},"type":"GeneralContainer"},"GeneralElement":{"element":{"border-style":"solid","border-width":"1px","border-color":"rgba(97,97,97,1)","size":"custom","width":"200px","height":"40px","background-color":"rgba(255,255,255,0.4)","padding-left":"10px","font-family":"Arial, 'Helvetica Neue', Helvetica, sans-serif","font-size":"12px","color":"rgba(145,145,145,1)","label":{}},"container":{},"options":{"element":{"isBorderBottom":true},"font-size":12},"type":"GeneralElement","label":{}},"Button-FormButton":{"element":{"border-style":"solid","border-width":"1px","border-color":"rgba(97,97,97,1)","size":"custom","width":"200px","height":"40px","background-color":"rgba(255,255,255,0.4)","font-family":"Arial, 'Helvetica Neue', Helvetica, sans-serif","font-size":"12px","color":"rgba(145,145,145,1)","label":{}},"container":{},"options":{"element":{"isBorderBottom":true},"font-size":12},"type":"GeneralElement","label":{"font-family":"Arial, 'Helvetica Neue', Helvetica, sans-serif","font-size":"12px","color":"rgba(89,89,89,1)"}},"Container-FormButton":{"element":{},"container":{"padding-left":"40px"},"options":{},"type":"GeneralContainer"},"GeneralLabel":{"label":{"font-family":"Arial, 'Helvetica Neue', Helvetica, sans-serif","font-size":"12px","color":"rgba(89,89,89,1)"},"options":{"font-size":12},"type":"GeneralLabel","element":{"label":{}},"container":{}},"GeneralAll":{"element":{},"container":{},"label":{}},"GeneralCaption":{"element":{"label":{}},"container":{},"label":{}},"GeneralFloatingLabel":{"element":{},"container":{},"label":{}},"ThankYou":{"element":{"size":"custom","width":"755px","height":"401px"},"container":{},"label":{},"options":{"widthUnit":"px","heightUnit":"px"}}},"panelSettings":{"toolbar":{"isHide":true}},"PageBreak":{"header":{},"footer":{}},"ver":2,"abTestingConfig":{"forms":[]},"footer":{"elements":[{"FieldTypeName":"Button","properties":{"type":{"title":"Button Type:","type":"select","value":"submit","options":["submit","reset","print","draft","dummy","Salesforce Action","Visual Composer","Go Prev","Go Next","Go to page","Reset signature","Modal signature","Condition","SmartV Logout","Redirect","SSO Logout","XML Parser","Twilio","Close Twilio","Refresh Location","Barcode Scanner"]},"align":{"title":"Button align","type":"select","value":"auto","options":["auto","left","center","right"]},"user_tip":{"title":"User tip","type":"text","value":""},"img_btn_url":{"title":"Choose BackGround Image","type":"imageBackground","value":"","src":""},"default":{"title":"Button Text","type":"text","value":"Submit"},"admin_field_only":{"title":"Admin Field","type":"checkbox","value":false},"unique_value":{"title":"Unique value","type":"checkbox","value":false},"confirmation_mode":{"title":"Confirmation mode","type":"checkbox","value":false},"onclick_action":{"title":"On click action","type":"checkbox","value":false},"prop_disabled":{"value":true},"field_id":{"value":true}}}],"sortableOptions":{"connectWith":".elements-list","placeholder":"placeholder-element","handle":".formElementHandle,#moveElement,.form-element","appendTo":"body","revert":"invalid","revertDuration":800,"scroll":false,"cursor":"move","delay":150}},"testing":{"list":[{"value":0,"label":"item1"},{"value":1,"label":"item2"}]},"analytics":{"viewID":""},"personalization":{"language":{"code":"el","name":"Greek, Modern","nativeName":"Ελληνικά"},"timezone":{"value":"GTB Standard Time","abbr":"GDT","offset":2,"isdst":true,"text":"(UTC+02:00) Athens, Bucharest"},"geolocation":false,"submitMsg":"Γίνεται υποβολή των στοιχείων ...","showOptionalLabel":{"value":false,"label":"(Optional)"},"showMandatoryExplanation":{"value":false,"text":"* is mandatory field"},"firstDayOfWeek":"1"},"autofilter":false,"isNewWizard":false,"customConfirmMessage":{"settings":{},"expression":"<div><p class=\"MsoNormal\" data-mce-style=\"text-align: center;\" style=\"color: rgb(0, 0, 0); font-family: Verdana, Arial, Helvetica, sans-serif; font-size: 11px; text-align: center;\"><strong data-mce-style=\"color: red; font-size: 16.0pt; font-family: Tahoma, sans-serif;\" style=\"color: red; font-size: 16pt; font-family: Tahoma, sans-serif;\">Ελέγξτε το email σας !&nbsp; &nbsp;</strong></p><p data-mce-style=\"margin: 0cm; text-align: justify; background: white;\" style=\"color: rgb(0, 0, 0); font-family: Verdana, Arial, Helvetica, sans-serif; font-size: 11px; background-image: initial; background-position: initial; background-size: initial; background-repeat: initial; background-attachment: initial; background-origin: initial; background-clip: initial; margin: 0cm; text-align: justify;\"><span lang=\"EL\" data-mce-style=\"font-family: 'Tahoma',sans-serif; color: #706e6b;\" style=\"font-family: Tahoma, sans-serif; color: rgb(112, 110, 107);\">Σας ευχαριστούμε θερμά για το ενδιαφέρον σας στην AFI και στις υπηρεσίες χρηματοδότησης πολύ μικρών και μικρών επιχειρήσεων που παρέχουμε.</span></p></div><div><span style=\"color: rgb(112, 110, 107); font-family: Tahoma, sans-serif; font-size: 11px; font-weight: lighter;\">Η φόρμα εκδήλωσης ενδιαφέροντος υποβλήθηκε επιτυχώς.&nbsp;&nbsp;</span><strong style=\"font-size: 11px; color: rgb(112, 110, 107); font-family: Tahoma, sans-serif;\">Ελέγξτε το email σας !</strong><span style=\"font-size: 11px; font-weight: lighter; color: rgb(112, 110, 107); font-family: Tahoma, sans-serif;\">&nbsp;Θα λάβετε σύντομα οδηγίες για τα επόμενα βήματα.</span></div><div><p data-mce-style=\"margin: 0cm; background: white;\" style=\"color: rgb(0, 0, 0); font-family: Verdana, Arial, Helvetica, sans-serif; font-size: 11px; background-image: initial; background-position: initial; background-size: initial; background-repeat: initial; background-attachment: initial; background-origin: initial; background-clip: initial; margin: 0cm;\"><span data-mce-style=\"font-family: 'Tahoma',sans-serif; color: #706e6b; mso-ansi-language: EN-US;\" style=\"font-family: Tahoma, sans-serif; color: rgb(112, 110, 107);\">H</span><span data-mce-style=\"font-family: 'Tahoma',sans-serif; color: #706e6b;\" style=\"font-family: Tahoma, sans-serif; color: rgb(112, 110, 107);\">&nbsp;<span lang=\"EL\">ομάδα της&nbsp;</span></span><span data-mce-style=\"font-family: 'Tahoma',sans-serif; color: #706e6b; mso-ansi-language: EN-US;\" style=\"font-family: Tahoma, sans-serif; color: rgb(112, 110, 107);\">AFI</span></p><p data-mce-style=\"margin: 0cm; background: white;\" style=\"color: rgb(0, 0, 0); font-family: Verdana, Arial, Helvetica, sans-serif; font-size: 11px; background-image: initial; background-position: initial; background-size: initial; background-repeat: initial; background-attachment: initial; background-origin: initial; background-clip: initial; margin: 0cm;\"><a href=\"http://www.afi.org.gr/\" data-mce-href=\"http://www.afi.org.gr/\" style=\"background-color: rgb(255, 255, 255); font-weight: lighter;\"><span data-mce-style=\"font-family: 'Tahoma',sans-serif; color: blue; text-decoration: none; text-underline: none;\" style=\"font-family: Tahoma, sans-serif; color: blue;\">www.afi.org.gr</span></a></p></div>","expression_text":"<div><p class=\"MsoNormal\" data-mce-style=\"text-align: center;\" style=\"color: rgb(0, 0, 0); font-family: Verdana, Arial, Helvetica, sans-serif; font-size: 11px; text-align: center;\"><strong data-mce-style=\"color: red; font-size: 16.0pt; font-family: Tahoma, sans-serif;\" style=\"color: red; font-size: 16pt; font-family: Tahoma, sans-serif;\">Ελέγξτε το email σας !&nbsp; &nbsp;</strong></p><p data-mce-style=\"margin: 0cm; text-align: justify; background: white;\" style=\"color: rgb(0, 0, 0); font-family: Verdana, Arial, Helvetica, sans-serif; font-size: 11px; background-image: initial; background-position: initial; background-size: initial; background-repeat: initial; background-attachment: initial; background-origin: initial; background-clip: initial; margin: 0cm; text-align: justify;\"><span lang=\"EL\" data-mce-style=\"font-family: 'Tahoma',sans-serif; color: #706e6b;\" style=\"font-family: Tahoma, sans-serif; color: rgb(112, 110, 107);\">Σας ευχαριστούμε θερμά για το ενδιαφέρον σας στην AFI και στις υπηρεσίες χρηματοδότησης πολύ μικρών και μικρών επιχειρήσεων που παρέχουμε.</span></p></div><div><span style=\"color: rgb(112, 110, 107); font-family: Tahoma, sans-serif; font-size: 11px; font-weight: lighter;\">Η φόρμα εκδήλωσης ενδιαφέροντος υποβλήθηκε επιτυχώς.&nbsp;&nbsp;</span><strong style=\"font-size: 11px; color: rgb(112, 110, 107); font-family: Tahoma, sans-serif;\">Ελέγξτε το email σας !</strong><span style=\"font-size: 11px; font-weight: lighter; color: rgb(112, 110, 107); font-family: Tahoma, sans-serif;\">&nbsp;Θα λάβετε σύντομα οδηγίες για τα επόμενα βήματα.</span></div><div><p data-mce-style=\"margin: 0cm; background: white;\" style=\"color: rgb(0, 0, 0); font-family: Verdana, Arial, Helvetica, sans-serif; font-size: 11px; background-image: initial; background-position: initial; background-size: initial; background-repeat: initial; background-attachment: initial; background-origin: initial; background-clip: initial; margin: 0cm;\"><span data-mce-style=\"font-family: 'Tahoma',sans-serif; color: #706e6b; mso-ansi-language: EN-US;\" style=\"font-family: Tahoma, sans-serif; color: rgb(112, 110, 107);\">H</span><span data-mce-style=\"font-family: 'Tahoma',sans-serif; color: #706e6b;\" style=\"font-family: Tahoma, sans-serif; color: rgb(112, 110, 107);\">&nbsp;<span lang=\"EL\">ομάδα της&nbsp;</span></span><span data-mce-style=\"font-family: 'Tahoma',sans-serif; color: #706e6b; mso-ansi-language: EN-US;\" style=\"font-family: Tahoma, sans-serif; color: rgb(112, 110, 107);\">AFI</span></p><p data-mce-style=\"margin: 0cm; background: white;\" style=\"color: rgb(0, 0, 0); font-family: Verdana, Arial, Helvetica, sans-serif; font-size: 11px; background-image: initial; background-position: initial; background-size: initial; background-repeat: initial; background-attachment: initial; background-origin: initial; background-clip: initial; margin: 0cm;\"><a href=\"http://www.afi.org.gr/\" data-mce-href=\"http://www.afi.org.gr/\" style=\"background-color: rgb(255, 255, 255); font-weight: lighter;\"><span data-mce-style=\"font-family: 'Tahoma',sans-serif; color: blue; text-decoration: none; text-underline: none;\" style=\"font-family: Tahoma, sans-serif; color: blue;\">www.afi.org.gr</span></a></p></div>","uids":{}},"ThemeID":11829,"isValidRule":0,"ownrUrlExtension":"actionfinanceinitiative","id":2112223,"currentDevice":"Desktop","selectedFieldTypesList":{},"pagerCount":0,"ruller":{"leftLines":{},"topLines":{}},"floatingLabel":"on","embedMode":false,"isCustomErrorMessages":true,"customErrorMessages":{"mandatory":"Υποχρεωτικό πεδίο","unique":"Μοναδικό πεδίο","invalid":"Μη αποδεκτή τιμή","mail":"Μη έγκυρη διεύθυνση email","date":"Μη έγκυρη ημερομηνία","time":"Μη έγκυρος χρόνος","numeric":"not in range of {0} and {1}","price":"Δεν είναι ανάμεσα στο {0} και το {1}","privacy":"Χρειάζεται αποδοχή των Όρων","good":"Έγκυρο","url":"Μη έγκυρη διεύθυνση URL","MaxSubmitSize":"Το μέγεθος της φόρμας είναι μεγαλύτερο από 30MB, χρειάζεται μείωση ή αφαίρεση αρχείων.","isempty":"πρέπει να είναι κενό","isnotempty":"δεν μπορεί να είναι κενό","invalidCaptcha":"Μη έγκυρο captcha","corrections":{"title":"Διορθώσεις","text":"Παρακαλώ διορθώστε τα λάθη"},"fileUpload":"Το μέγιστο αποδεκτό μέγεθος αρχείου είναι 30Mb","publick":"You do not have access for this form, please contact the form owner.","thankYouTitle":"Ευχαριστούμε","rule":{"contain":"should contain \"{0}\"","notcontain":"should not contain \"{0}\"","startswith":"should begin with \"{0}\"","endswith":"should end with \"{0}\"","equals":"should be equal to \"{0}\"","notequal":"should not be equal to \"{0}\"","greaterThan":"should be greater than \"{0}\"","lessorThan":"should be lesser than \"{0}\"","between":"should be between {0} and {1}","minlength":"min length {0}","maxlength":"max length {0}","equalcase":"should be equal case to \"{0}\"","notequalcasestring":"should not be equal case to \"{0}\""},"limits":{"uniqueSubmission":{"title":"You already submitted this form.","text":"This form is limited to only 1 submission per ip. The ip {0} has already submitted this form."},"quotaLimit":{"title":"This form has reached its quota limit.","text":"Ask Form's owner about this"},"availableDate":{"title":"Form not allowed now.","text":"Form allowed from {0} to {1}"},"disable":{"title":"This form is disabled.","text":"Ask Form's owner about this"},"noDraftMore":{"title":"This form is no longer a draft","text":"The form's data entry has been completed. You can no longer edit the data."}},"labelPayments":{"payment":"Payment","payment_summary":"Payments summary","pay_FirstPayment":"First payment","pay_NextPayment":"Next payment","pay_TotalCharges":"Total charges","piw_lbl_Price":"Price","pay_BillingEmail":"Billing Email (for invoice)","piw_SelectTypeOfPayment":"Select type of payment","piw_CreditCard":"Credit Card","piw_OwnerName":"Owner name","piw_PleaseEnterCode":"Please enter code","piw_lbl_Baseprice":"Base price","cem_lbl_Email":"Email","piw_PaymentMethod":"Payment Method","piw_DirectDebit":"Direct Debit","piw_InvalidIBAN":"Invalid IBAN","piw_PleaseEnterOwnerName":"Please enter Owner name","piw_lbl_Product":"Product","pay_TotalPrice":"Total price","pay_Secured_payment_by":"Secured payment by","piw_PaymentMethods":"Payment methods","piw_IBAN":"IBAN","piw_PleaseenterIBAN":"Please enter IBAN","piw_Code":"Code","pay_PayNow":"Pay Now","piw_SelectMethod":"Select Method","piw_GoBack":"Cancel","pay_totalPayNow":"Pay Now","pay_monthly":"Monthly","pay_weekly":"Weekly","pay_recurring":"Recurring","pay_paymentTerms":"Payment Terms","pay_daily":"Daily","pay_yearly":"Yearly"},"orientation":{"title":"Orientation changed","cancel":"No, leave as is.","message":"Do you want to adjust the layout to the view port?","approve":"Yes please!"},"datePickerToday":"Σήμερα","datePickerClear":"Καθαρισμός","loadingComposer":"Φόρτωση   Παρακαλώ περιμένετε","datePickerClose":"Κλείσιμο"},"isFormatPosition":{"Desktop":true,"Mobile":true,"Tablet":true},"styles_mobile":{"Form":{"element":{"isDropCorrection":false,"dropCorrectionPaddingTop":"","size":"custom","conditionSpacing":49,"width":"320px","height":"2087px","padding-top":"20px","padding-left":"20px","padding-right":"20px","display":"block","snapToGrid":false},"container":{"text-align":"center"},"options":{"font":{"unit":"px"},"asterix":{"color":""},"Numeric":{"font":{"unit":"px"}},"Textbox":{"font":{"unit":"px"}},"Address":{"font":{"unit":"px"}},"FullName":{"font":{"unit":"px"}},"auto_scal":"on","widthUnit":"px","heightUnit":"px","errorStyle":{},"tooltipLabel":{"color":""},"tooltipBackground":{"color":""}}},"Page":{"element":{}},"Header":{"element":{"color":"","background-color":""},"container":{"padding-left":"40px"},"options":{},"type":"GeneralContainer"},"Name":{"options":{},"label":{},"element":{"font-size":"30px","color":"rgba(0,0,0,1)"}},"GeneralContainer":{"element":{},"container":{"padding-left":"40px"},"options":{},"type":"GeneralContainer"},"GeneralElement":{"element":{"border-style":"solid","border-width":"1px","border-color":"rgba(97,97,97,1)","size":"custom","width":"200px","height":"40px","background-color":"rgba(255,255,255,0.4)","padding-left":"10px","font-family":"Arial, 'Helvetica Neue', Helvetica, sans-serif","font-size":"16px","color":"rgba(145,145,145,1)"},"container":{},"options":{"element":{"isBorderBottom":true}},"type":"GeneralElement"},"Button-FormButton":{"element":{"border-style":"solid","border-width":"1px","border-color":"rgba(97,97,97,1)","size":"custom","width":"200px","height":"40px","background-color":"rgba(255,255,255,0.4)","font-family":"Arial, 'Helvetica Neue', Helvetica, sans-serif","font-size":"12px","color":"rgba(145,145,145,1)"},"container":{},"options":{"element":{"isBorderBottom":true}},"type":"GeneralElement","label":{"font-family":"Arial, 'Helvetica Neue', Helvetica, sans-serif","font-size":"16px","color":"rgba(89,89,89,1)"}},"Container-FormButton":{"element":{},"container":{"padding-left":"40px"},"options":{},"type":"GeneralContainer"},"GeneralLabel":{"label":{"font-family":"Arial, 'Helvetica Neue', Helvetica, sans-serif","font-size":"16px","color":"rgba(89,89,89,1)"},"options":{},"type":"GeneralLabel","element":{}}},"fillIntegration":{"salesforce":{"permissions":true,"platform":"prod","sfListActions":[{"anyMatch":"skip","childrens":[{"multiMatchs":"last","anyMatch":"skip","gridFields":{},"isChild":true,"uid":"1642405822000-491-987","showLoadingMessage":true,"loadingMessage":"Loading...","isSFGetIntegration":true,"platform":"prod","references":{},"customMapping":{},"isMapped":true,"sobject":"sfims__Application__c","sobjectLabel":"Application","updateCondition":[{"conditions":[{"conditionType":"string","name":"Lead_Contact__c","operator":"equals","parentField":"Id","parentFieldType":"reference","uid":"sf-parentid-1642404086230-395-34","postCondition":"and"},{"name":"Application_Status__c","conditionType":"string","operator":"equals","staticValue":"Active","uid":"static"}]}],"showMessageIfSkipMultiple":true,"customSkipMessage":"Παρακαλούμε επικοινωνήστε με τα γραφεία μας.","childrens":[],"ordering":[{"type":"DESC","name":"CreatedDate"}],"showMessageIfNotFound":true,"customMessage":"Παρακαλούμε επικοινωνήστε με τα γραφεία μας.","processIfNotFound":false,"processOnload":false,"recordTypeFiltering":false}],"customSkipMessage":"Skipped ...","isCacheMetadata":true,"isMapped":true,"isSFGetIntegration":true,"loadingMessage":"Loading...","multiMatchs":"first","platform":"prod","references":{},"showLoadingMessage":true,"sobject":"Contact","sobjectLabel":"Contact","uid":"1642404086230-395-34","gridFields":{"1642403994320-772-33":"Id","1685947802503-797-67":"FirstName","1685947841722-360-68":"LastName","1685947784805-74-66":"Email","1685947752694-387-65":"MobilePhone","1642405737133-669-36":"Entity_Id__c","1685947884073-908-69":"AFI_Loan_Balance__c"},"updateCondition":[{"conditions":[{"name":"Id","operator":"equals","uid":"1642403994320-772-33"}]}],"isChild":false,"loadPickList":false,"comment":"","processOnload":false},{"multiMatchs":"first","anyMatch":"skip","gridFields":{},"uid":"1685960720925-114-119","showLoadingMessage":true,"loadingMessage":"Loading...","customSkipMessage":"Skipped ...","isSFGetIntegration":true,"platform":"prod","references":{},"customMapping":{},"isMapped":false,"sobject":"Account","sobjectLabel":"Entity","updateCondition":[{"conditions":[{"name":"Id","conditionType":"string","operator":"equals","uid":"1642405737133-669-36"}]}],"childrens":[]}]}},"isIPWhiteList":false,"allowPostMessage":false,"croNotifycation":{"cro":51},"headMetaContent":"<link rel=\"shortcut icon\" type=\"image/x-icon\" href=\"https://iconarchive.com/download/i102612/graphicloads/flat-finance/bank.ico\" />","pushNotify":{"items":{"fileSharing":{"googleDocs":{"id":1,"filePath":"","filePrefix":"","type":"googledoc","enabled":null},"googleSpreadsheet":{"id":1,"fileName":"","filePath":"","filePrefix":"","fileSheet":"","gridFields":{},"type":"googlespreadsheet","storePlace":0,"rows":26,"enabled":null},"googleDrive":{"id":1,"filePath":"","type":"googleDrive","enabled":null},"googleCalendar":{"id":4,"type":"googleCalendar","enabled":null,"attendee":"","startDateTime":"","endDateTime":"","summary":"","description":""},"outlookCalendar":{"id":5,"type":"outlookCalendar","enabled":null,"attendee":"","startDateTime":"","endDateTime":"","summary":"","description":""},"outlookContact":{"id":6,"type":"outlookContact","enabled":null,"gridFields":{}},"dropbox":{"id":2,"filePath":"","filePrefix":"","enabled":null},"boxnet":{"id":3,"filePath":"","filePrefix":"","enabled":null},"onedrive":{"id":7,"filePath":"","filePrefix":"","enabled":null},"ftp":{"auth":{},"id":8,"filePath":"","filePrefix":"","enabled":null},"ccda":{"id":9,"mapping":{},"enabled":null},"sfMerge":{"id":10,"enabled":null},"sfLoader":{"id":12,"enabled":null},"amazonS3":{"id":11,"enabled":null}},"crm":{"salesforce":{"id":1,"enabled":true,"gridFields":{},"mapping":{"formFields":[],"crmFields":[]},"sfListActions":[{"action":"get","gridFields":{},"uid":"1685960088072-781-698","platform":"prod","loadingMessage":"Saving....","isMapped":false,"sobject":"Contact","InsteadEmpty":{},"sobjectLabel":"Contact","disableDefaultPushOrder":false,"updateCondition":[{"conditions":[{"name":"Id","conditionType":"string","operator":"equals","uid":"1642403994320-772-33"}]}],"anyMatch":"skip","multiMatchs":"first","fieldTypes":{},"isParentPayment":false,"childrens":[{"action":"create","gridFields":{"Lead_Contact__c":"sf-parentid-1685960088072-781-698","sfims__Requested_Amount__c":"1685947985739-22-70","sfims__Investment_description__c":"1685948077915-886-72","sfims__Organisation__c":"1642405737133-669-36","Name":"custom-static","sfims__Stage__c":"static","Sub_Stage__c":"static","Date_of_1st_Contact_with_AFI__c":"currentday-static","Info_Session_Date__c":"currentday-static","Stage_IS_Complete__c":"static-boolean-true","email_sent__c":"static","Renewal_Application__c":"static-boolean-true"},"isChild":true,"uid":"1685960108113-430-698","platform":"prod","loadingMessage":"Saving....","isMapped":true,"sobject":"sfims__Application__c","InsteadEmpty":{},"sobjectLabel":"Application","parentFields":{"sf-parentid-1685960088072-781-698":{"Lead_Contact__c":"Id"}},"fieldTypes":{"Name":"string","sfims__Investment_description__c":"string","sfims__Organisation__c":"string","sfims__Requested_Amount__c":"number","sfims__Stage__c":"string","Lead_Contact__c":"string","Date_of_1st_Contact_with_AFI__c":"number","Info_Session_Date__c":"number","Sub_Stage__c":"string","Stage_IS_Complete__c":"boolean","email_sent__c":"number","Renewal_Application__c":"boolean"},"childrens":[],"fieldParameters":{"Name":{}},"customStaticFields":{"Name":{"expression":"APP -&nbsp;<span contenteditable=\"false\" data-uid=\"{1685947841722-360-68}\" class=\"highlight\">Επίθετο</span>&nbsp;-&nbsp;<span contenteditable=\"false\" data-uid=\"{1685962989471-129-76}\" class=\"highlight\">Date</span>","expression_text":"APP -&nbsp;{1685947841722-360-68}&nbsp;-&nbsp;{1685962989471-129-76}","uids":{"1685947841722-360-68":true,"1685962989471-129-76":true}}},"staticFields":{"sfims__Stage__c":"InfoSession","Sub_Stage__c":"IS Completed","email_sent__c":"0"},"disableDefaultPushOrder":false,"isParentPayment":false,"forButton":false}]}],"platform":"prod"},"dynamiccrm":{"id":7,"enabled":null,"gridFields":{},"mapping":{"formFields":[],"crmFields":[]},"crmListActions":[]},"solve360":{"id":2,"api":{},"segment":"","gridFields":{},"mapping":{"formFields":[],"crmFields":[]},"enabled":null},"zoho":{"id":3,"_module":"","gridFields":{},"mapping":{"formFields":[],"crmFields":[]},"enabled":null},"clinchpad":{"id":4,"segment":"","pipeline":"","lead":"","mapping":{"formFields":[],"crmFields":[]},"enabled":null},"webhook":{"id":5,"customURL":"","basicAuth":false,"user":"","password":"","enabled":null},"zapier":{"id":6,"customURL":"","enabled":null},"twilio":{"id":7,"enabled":null},"allscripts":{"id":8,"enabled":null},"nextgen":{"id":9,"enabled":null},"globalsign":{"id":10,"enabled":null},"samlsso":{"id":11,"enabled":null},"sap":{"id":12,"enabled":null,"list":[]}},"newsLetter":{"constantContact":{"id":1,"enabled":null,"contactLists":"","list":"","gridFields":{},"mapping":{"formFields":[],"crmFields":[]}},"mailChimp":{"id":2,"enabled":null,"contactLists":"","list":"","gridFields":{},"mapping":{"formFields":[],"crmFields":[]}},"verticalResponse":{"id":3,"enabled":null,"list":"","gridFields":{},"mapping":{"formFields":[],"crmFields":[]}},"googleContact":{"id":4,"enabled":null,"group":"","gridFields":{}}},"socialmedia":{"twitter":{"id":1,"enabled":null,"data":{"content":{"text":"","expression":""}}},"facebook":{"id":2,"enabled":null,"data":{"content":{"text":"","expression":""}}},"wordpress":{"id":3,"enabled":null,"data":{"title":{"text":"","expression":""},"content":{"text":"","expression":""}}},"google":{"id":4,"enabled":null,"data":{"content":{"text":"","expression":""}}},"gemini":{"id":5,"enabled":null,"auth":{"apiURL":"","isAuth":false}},"radiusbob":{"id":6,"enabled":null,"auth":{"isAuth":false,"encrypted":false},"gridFields":{}}}},"count":1},"waitSFPush":true,"redirectToUrlTarget":"","debug_mode":{"showHiddenFields":false},"isCached":false,"isCachedHQImage":false,"styles_tablet":{"Form":{"element":{"isDropCorrection":false,"dropCorrectionPaddingTop":"","size":"custom","conditionSpacing":49,"width":"768px","height":"1382px","padding-top":"20px","padding-left":"20px","padding-right":"20px","display":"block","hover-effected-border-size":"1","hover-effected-border-color":"rgba(0,0,0,0.76)","hover-effected":"rgb(218,217,224)","hover-effected-shadow":"rgba(178,185,185,1)","border-width":"1px","border-radius":"28px","border-style":"inset","border-top-width":"","box-shadow":"1px 2px 3px rgba(50,49,49,1)","padding-bottom":"10px"},"container":{"text-align":"center"},"options":{"font":{"unit":"px"},"asterix":{"color":"","font-size":"11px","fontWeightBold":true},"Numeric":{"font":{"unit":"px"}},"Textbox":{"font":{"unit":"px"}},"Address":{"font":{"unit":"px"}},"FullName":{"font":{"unit":"px"}},"auto_scal":"off","widthUnit":"px","heightUnit":"px","errorStyle":{},"tooltipLabel":{"color":""},"tooltipBackground":{"color":""},"shadowBox":"1px 2px 3px rgba(50,49,49,1)","userCustomStyle":""}},"Page":{"element":{"font-size":"12px","padding-top":"5px","padding-bottom":"5px","padding-left":"5px","padding-right":"5px"},"container":{},"options":{"font":{"unit":"px"},"font-size":12}},"Header":{"element":{"color":"","background-color":""},"container":{"padding-left":"40px"},"options":{},"type":"GeneralContainer"},"Name":{"options":{},"label":{},"element":{"font-size":"30px","color":"rgba(0,0,0,1)"}},"GeneralContainer":{"element":{},"container":{"padding-left":"40px"},"options":{},"type":"GeneralContainer"},"GeneralElement":{"element":{"border-style":"solid","border-width":"1px","border-color":"rgba(97,97,97,1)","size":"custom","width":"200px","height":"40px","background-color":"rgba(255,255,255,0.4)","padding-left":"10px","font-family":"Arial, 'Helvetica Neue', Helvetica, sans-serif","font-size":"12px","color":"rgba(145,145,145,1)","label":{}},"container":{},"options":{"element":{"isBorderBottom":true},"font-size":12},"type":"GeneralElement","label":{}},"Button-FormButton":{"element":{"border-style":"solid","border-width":"1px","border-color":"rgba(97,97,97,1)","size":"custom","width":"200px","height":"40px","background-color":"rgba(255,255,255,0.4)","font-family":"Arial, 'Helvetica Neue', Helvetica, sans-serif","font-size":"12px","color":"rgba(145,145,145,1)","label":{}},"container":{},"options":{"element":{"isBorderBottom":true},"font-size":12},"type":"GeneralElement","label":{"font-family":"Arial, 'Helvetica Neue', Helvetica, sans-serif","font-size":"12px","color":"rgba(89,89,89,1)"}},"Container-FormButton":{"element":{},"container":{"padding-left":"40px"},"options":{},"type":"GeneralContainer"},"GeneralLabel":{"label":{"font-family":"Arial, 'Helvetica Neue', Helvetica, sans-serif","font-size":"12px","color":"rgba(89,89,89,1)"},"options":{"font-size":12},"type":"GeneralLabel","element":{"label":{}},"container":{}},"GeneralAll":{"element":{},"container":{},"label":{}},"GeneralCaption":{"element":{"label":{}},"container":{},"label":{}},"GeneralFloatingLabel":{"element":{},"container":{},"label":{}},"ThankYou":{"element":{"size":"custom","width":"755px","height":"401px"},"container":{},"label":{},"options":{"widthUnit":"px","heightUnit":"px"}}},"enabledVersions":true,"formVersionSettings":{"isUseGit":true,"repo":"titanForm","branch":"main"}}